PEAKID;PKNAME;PKNAME2;LOCATION;HEIGHTM;HEIGHTF;HIMAL;REGION;OPEN;UNLISTED;TREKKING;TREKYEAR;RESTRICT;PHOST;PSTATUS;PEAKMEMO;PYEAR;PSEASON;PEXPID;PSMTDATE;PCOUNTRY;PSUMMITERS;PSMTNOTE;REFERMEMO;PHOTOMEMO
AMAD;Ama Dablam;Amai Dablang;Khumbu Himal;6814;22356;12;2;TRUE;FALSE;FALSE;;;1;2;;1961;1;AMAD61101;Mar 13;New Zealand, USA, UK;Mike Gill, Wally Romanes, Barry Bishop, Michael Ward;;;
AMPG;Amphu Gyabjen;;Khumbu Himal (N of Ama Dablam);5630;18471;12;2;TRUE;FALSE;FALSE;;Opened in 2002;1;2;;1953;1;AMPG53101;Apr 11;UK;John Hunt, Tom Bourdillon;;;
ANN1;Annapurna I;;Annapurna Himal;8091;26545;1;5;TRUE;FALSE;FALSE;;;1;2;;1950;1;ANN150101;Jun 03;France;Maurice Herzog, Louis Lachenal;;;
ANN2;Annapurna II;;Annapurna Himal;7937;26040;1;5;TRUE;FALSE;FALSE;;;1;2;;1960;1;ANN260101;May 17;UK, Nepal;Richard Grant, Chris Bonington, Ang Nyima Sherpa;;;
ANN3;Annapurna III;;Annapurna Himal;7555;24787;1;5;TRUE;FALSE;FALSE;;;1;2;;1961;1;ANN361101;May 06;India;Mohan S. Kohli, Sonam Gyatso, Sonam Girmi;;;
ANN4;Annapurna IV;;Annapurna Himal;7525;24688;1;5;TRUE;FALSE;FALSE;;;1;2;;1955;1;ANN455101;May 30;W Germany;Heinz Steinmetz, Harald Biller, Juergen Wellenkamp;;;
ANNE;Annapurna I East;;Annapurna Himal (ENE of Annapurna I);8026;26332;1;5;TRUE;FALSE;FALSE;;Requires permit for Annapurna I;1;2;;1974;1;ANNE74101;Apr 29;Spain;Jose Manuel Anglada Nieto, Jorge Pons Sangines, Emilio Givis Abad;;;
ANNM;Annapurna I Middle;;Annapurna Himal (ENE of Annapurna I);8051;26414;1;5;TRUE;FALSE;FALSE;;Requires permit for Annapurna I;1;2;;1980;3;ANNM80301;Oct 03;W Germany;Udo Boening, Ludwig Greissl, Heinz Oberrauch;;;
ANNS;Annapurna South;Annapurna Dakshin, Moditse;Annapurna Himal (S of Annapurna I and Fang);7219;23684;1;5;TRUE;FALSE;FALSE;;;1;2;;1964;3;ANNS64301;Oct 15;Japan, Nepal;Shiochiro Uyeo, Mingma Tsering Sherpa;;;
APIM;Api Main;;Api Himal;7132;23399;2;7;TRUE;FALSE;FALSE;;;1;2;;1960;1;APIM60101;May 10;Japan, Nepal;Katsutoshi Hirabayashi, Gyaltsen Norbu Sherpa;1st ascent claimed by UK (H. S. Landor) in 1899 but probably reached only 5000m;;
APIW;Api West;;Api Himal (W of Api);7076;23215;2;7;TRUE;FALSE;FALSE;;;1;1;;;0;;;;Unclimbed;;;
BARU;Baruntse;;Khumbu Himal (W of Makalu);7152;23465;12;2;TRUE;FALSE;FALSE;;;1;2;;1954;1;BARU54101;May 29;New Zealand;Colin Todd, Geoff Harrow;;;
BAUD;Baudha;;Mansiri Himal (SE of Manaslu and Himalchuli);6672;21890;15;4;TRUE;FALSE;FALSE;;;1;2;;1970;1;BAUD70101;May 02;Japan;Yoshiyuki Kobayashi, Kiyoyasu Shibata;;;
BHEM;Bhemdang Ri;Morimoto;Jugal Himal (SE of Shalbachum);6150;20177;13;3;TRUE;FALSE;FALSE;;;1;2;;1964;1;BHEM64101;May 10;Japan, Nepal;Tetsuya Kondo, Soshiro Sasaki, Mingma Tshering Sherpa;;;
BHRI;Bhrikuti;Damodar Himal;Damodar Himal (NE of Thorong La near Tibetan border);6476;21247;3;5;TRUE;FALSE;FALSE;;Opened in 2014;1;2;;1982;1;BHRI82101;May 18;Japan, Nepal;Takashi Sakuma, Masanobu Tsuchiya, Tashi Jangbu Sherpa;1-3rd ascents claimed;;
BOBA;Bobaye;;Api Himal (S of Nampa);6808;22336;2;7;TRUE;FALSE;FALSE;;;1;2;;1996;3;BOBA96301;Nov 02;Slovenia;Tomaz Humar;;;
CHAM;Chamlang;;Khumbu Himal (in Hongku Valley, SW of Makalu);7321;24019;12;2;TRUE;FALSE;FALSE;;;1;2;;1962;1;CHAM62101;May 31;Japan, Nepal;So Anma, Pasang Phutar Sherpa (I);;;
CHAN;Changla;Changla Himal;Changla Himal (N of Jumla on Tibetan border);6563;21532;17;7;TRUE;FALSE;FALSE;;;4;2;;2010;3;CHAN10301;Sep 27;Japan;Hirofumi Kobayashi, Seiya Nakasukasa, Yuta Shibayama, Naoki Yamaguchi;Climbed illegally by Sean Burch in October 2016?;;
CHMN;Chamar North;Peak 23;Shringi Himal;7165;23507;5;4;TRUE;FALSE;FALSE;;Opened in 2014;1;2;;1953;1;CHMN53101;Jun 05;New Zealand, Nepal;Maurice Bishop, Nyamgel Sherpa;;;
CHEO;Cheo Himal;;Peri Himal (ESE of Himlung Himal on Tibetan border);6820;22375;18;5;TRUE;FALSE;FALSE;;;4;2;;1991;3;CHEO91301;Oct 13;Japan, Nepal;Dambar Bahadur Gurung, Shigeki Imoto, Ful Bahadur Rai, Pasang Tshering Sherpa;;;
CHOY;Cho Oyu;;Khumbu Himal (NW of Everest on Tibetan border);8188;26864;12;2;TRUE;FALSE;FALSE;;;4;2;;1954;3;CHOY54301;Oct 19;Austria, Nepal;Herbert Tichy, Sepp Jeochler, Pasang Dawa Lama;;;
CHOB;Chobuje;Chobutse, Tsoboje;Rolwaling Himal (NE of Tsho Rolpa);6686;21936;19;2;TRUE;FALSE;FALSE;;;1;2;;1972;1;CHOB72101;Apr 24;W Germany;Wolfgang Weinzierl, Peter Vogler, Gustav Harder, Klaus Harder;Illegal ascent;;
CHOL;Cholatse;Tsolatse, Jobo Lhaptshan;Khumbu Himal (N of Tawoche);6423;21073;12;2;FALSE;FALSE;TRUE;2002;Converted to trekking peak in 2002;1;2;;1982;1;CHOL82101;Apr 22;USA, UK;John Roskelley, Galen Rowell, Vern Clevenger, Bill O'Connor;;;
CHOP;Cho Polu;;Khumbu Himal (S of Shartse, N of Baruntse);6700;21982;12;2;TRUE;FALSE;FALSE;;;1;2;;1984;3;CHOP84301;Nov;Spain;Nil Bohigas Martorell;1st official ascent Nov 12, 1999 by Markus Walter, Guenter Jung, Olaf Rieck and Dieter Ruelker (Germans);;
CHUL;Chulu Central;Chulu East;Damodar Himal (E of Thorong La);6584;21601;3;5;FALSE;FALSE;TRUE;1978;;1;2;;1955;1;CHUL55201;Jul 23;W Germany;Heinz Steinmetz, Harald Biller, Fritz Lobbichler, Juergen Wellenkamp;;;
CHUG;Chukyima Go;Chugimago;Rolwaling Himal (WSW of Tesi Laptsa);6258;20531;19;2;TRUE;FALSE;FALSE;;Opened in 2014;1;2;;2014;3;CHUG14301;Nov 12;Slovenia;Domen Kastelic, Sam Hennessey;Originally thought that 1952 Scottish expedition climbed this peak, but likely Peak 5794m instead;;
CHUR;Churen Himal Central;;Dhaulagiri Himal (NW of Dhaulagiri VI);7385;24229;4;6;TRUE;FALSE;FALSE;;One permit for Churen Himal's three summits;1;2;;1970;3;CHUR70301;Oct 24;Japan;Masayoshi Fukui, Kozo Hasegawa;;;
CHUW;Chulu West;;Damodar Himal (E of Thorong La);6419;21060;3;5;FALSE;FALSE;TRUE;1978;;1;2;;1952;3;CHUW52301;Oct 23;Japan;Kinji Imanishi, Kazuhiko Hayashi, Sasuke Nakao, Jiro Taguchi, Masataka Takagi, Sakuta Takebushi;;;
TAPL;Taple Shikhar;Cross Peak;Kangchenjunga Himal (W of Nepal Peak);6447;21152;9;1;TRUE;FALSE;FALSE;;Opened in 2002;1;2;;1998;3;TAPL98301;Oct 08;Japan, Nepal;Misako Miyazawa, Gumba Sherpa, Kancha Sunwar Sherpa, Pemba Lama Sherpa;;;
CTSE;Changtse;Everest North Peak;North of Everest (in Tibet);7583;24879;12;2;FALSE;TRUE;FALSE;;Peak entirely within China;2;2;;1982;1;CTSE82301;Oct 14;W Germany;Udo Zehetleitner;;;
DHA1;Dhaulagiri I;;Dhaulagiri Himal;8167;26795;4;6;TRUE;FALSE;FALSE;;;1;2;;1960;1;DHA160101;May 13;Switzerland, Austria, W Germany, Nepal;Peter Diener, Kurt Diemberger, Albin Schelbert, Ernst Forrer, Nima Dorje Sherpa, Nawang Dorje Sherpa;;;
DHA2;Dhaulagiri II;;Dhaulagiri Himal (NW of Dhaulagiri I);7751;25430;4;6;TRUE;FALSE;FALSE;;;1;2;;1971;1;DHA271101;May 18;Austria, USA, Nepal;Adolf Huber, Ronald Fear, Adi Weissensteiner, Jangbu Sherpa;;;
DHA3;Dhaulagiri III;Nalu, Naula;Dhaulagiri Himal (SW of Dhaulagiri II);7715;25312;4;6;TRUE;FALSE;FALSE;;;1;2;;1973;3;DHA373301;Oct 20;W Germany;Klaus Schreckenbach, Gerhard Haberl, Hans Saler;;;
DHA4;Dhaulagiri IV;;Dhaulagiri Himal (W of Dhaulagiri V);7661;25135;4;6;TRUE;FALSE;FALSE;;;1;2;;1975;1;DHA475101;May 09;Japan;Shiro Kawazu, Etsuro Yasuda;1st ascent claimed (summmiters died in fall on descent);;
DHA5;Dhaulagiri V;;Dhaulagiri Himal (SW of Dhaulagiri III);7618;24993;4;6;TRUE;FALSE;FALSE;;;1;2;;1975;1;DHA575101;May 01;Japan, Nepal;Masaaki Morioka, Pemba Tsering Sherpa;;;
DHA6;Dhaulagiri VI;;Dhaulagiri Himal (WSW of Dhaulagiri IV);7268;23845;4;6;TRUE;FALSE;FALSE;;;1;2;;1970;1;DHA670101;Apr 17;Japan;Shiro Kawazu, Shoichi Kimura, Hisazumi Nakamura, Seijiro Yamamura;;;
DHAM;Dhampus;Thapa Peak, Marpha Peak;Mukut Himal (NE of Dhaulagiri I and Tukuche);6012;19724;16;6;TRUE;FALSE;FALSE;;;1;2;;1960;1;DHAM60101;Apr;Austria;Kurt Diemberger;Dhampus has two summits (the western summit is called Thapa);;
DOGA;Dogari;;Dhaulagiri Himal (WNW of Putha Hiunchuli);6536;21444;4;6;TRUE;FALSE;FALSE;;Opened in 2003;1;1;;;0;;;;Unclimbed;;;
PEMK;Pemthang Karpo Ri;Dome Blanc, Kan Karmo;Jugal Himal (NNW of Dorje Lhakpa on Tibetan border);6865;22523;8;3;TRUE;FALSE;FALSE;;Opened in 2014;4;2;;1955;1;PEMK55101;May 14;Switzerland, Nepal;Raymond Lambert, Ang Norbu Sherpa, Kami Tshering Sherpa, Pasang Sherpa, Pemba Gyaltzen Sherpa;;;
DORJ;Dorje Lhakpa;;Jugal Himal (near Tibetan border);6966;22854;8;3;TRUE;FALSE;FALSE;;;1;2;;1981;3;DORJ81301;Oct 18;Japan, Nepal;Kunio Kataoka, Makoto Anbe, Kazunari Murakami, Eiichi Shingyoji, Pemba Tsering Sherpa;Rumored that two British climbers summited via the W Ridge in 1979 (Dick Isherwood and Geoff Cohen);;
DRAN;Drangnag Ri;Thaknak Ri;Rolwaling Himal (N of Tesi Laptsa near Tibetan border);6757;22169;19;2;TRUE;FALSE;FALSE;;;1;2;;1995;1;DRAN95101;Apr 30;Norway, UK, Nepal;Chris Bonington, Ralph Hoibakk, Bjorn Myrer-Lund, Lhakpa Gyalu Sherpa, Pema Dorje Sherpa;;;
DROM;Drohmo;Domo, Longridge Peak;Jongsang Himal (NNW of Kangchenjunga);6881;22575;7;1;TRUE;FALSE;FALSE;;Opened in 1997;1;1;;;0;;;;Main summit unclimbed;;;
EVER;Everest;Sagarmatha, Chomolungma, Qomolungma;Khumbu Himal;8850;29035;12;2;TRUE;FALSE;FALSE;;;4;2;;1953;1;EVER53101;May 29;New Zealand, India;Edmund Hillary, Tenzing Norgay Sherpa;;;
FANG;Fang;Varaha Shikhar, Varaha Chuli, Finger;Annapurna Himal (SW of Annapurna I);7647;25089;1;5;TRUE;FALSE;FALSE;;;1;2;;1980;1;FANG80101;May 17;Austria, Nepal;Sepp Mayerl, Hermann Neumair, Ang Chepal Sherpa;;;
FIRN;Firnkopf;Firnkopf East;Saipal Himal (W of Saipal);6730;22080;20;7;TRUE;FALSE;FALSE;;;1;1;;;0;;;;Unclimbed;;;
FIRW;Firnkopf West;;Saipal Himal (WSW of Firnkopf);6745;22129;20;7;TRUE;FALSE;FALSE;;;1;2;;1987;3;FIRW87301;Oct 25;Austria, W Germany, Nepal;Franz Kroell, Fritz Mross, Ang Chopal Sherpa;Austrian Saipal expedition of 1954 may have reached Firnkopf West;;
GAMA;Gama Peak;;Dhaulagiri Himal (N of Dhaulagiri VI, S of Junction Peak);7187;23579;4;6;FALSE;TRUE;FALSE;;;1;2;;1970;3;GAMA70301;Oct 25;Japan;Goro Nabeyama, Katsuhiro Nakashima;;;
GAN1;Ganesh I;Yangra Kangri;Ganesh Himal (on Tibetan border);7422;24350;5;4;TRUE;FALSE;FALSE;;;4;2;;1955;3;GAN155301;Oct 24;Switzerland, France;Raymond Lambert, Eric Gauchat, Claude Kogan;;;
GAN3;Ganesh III;Salasungo, Kang Lombo, Lopsang Karbo;Ganesh Himal (S of Ganesh I on Tibetan border);7043;23107;5;4;TRUE;FALSE;FALSE;;;4;2;;1979;3;GAN379301;Oct 19;Japan, Nepal;Hideo Ogura, Pemba Tshering Sherpa, Dawa Norbu Sherpa;Note: This mountain previously known as Ganesh II till re-surveyed in early 1990's.;;
GAN2;Ganesh II;;Ganesh Himal (WSW of Ganesh I);7118;23353;5;4;TRUE;FALSE;FALSE;;;1;2;;1981;3;GAN281302;Oct 16;W Germany, Nepal;Hermann Warth, Ang Chepal Sherpa, Nga Temba Sherpa, Nima Tenzing Sherpa;Note: This mountain previously known as Ganesh III till re-surveyed in early 1990's.;;
GAN4;Ganesh IV;Pabil;Ganesh Himal (SW of Ganesh I);7104;23307;5;4;TRUE;FALSE;FALSE;;;1;2;;1978;3;GAN478301;Oct 20;Japan, Nepal;T Tomita, H Yoshio, K Aoyagi, M Hashimoto, Y Hashimoto, Y Okuma, T Shimoji, T Suzuki, I Yasuda, Yogendra Thapa, Kamal Bhandari, Mingma Tenzing Sherpa, Sonan Wolang Sherpa;;;
GAN5;Ganesh V;;Ganesh Himal (SE of Ganesh I on Tibetan border);6770;22211;5;4;TRUE;FALSE;FALSE;;;4;2;;1980;1;GAN580101;Apr 21;Japan, Nepal;Tatsumi Sasaki, Akihiko Komori, Lhakpa Dorje Sherpa, Nima Tenzing Sherpa, Nima Nuru Sherpa;;;
GAN6;Ganesh VI;;Ganesh Himal (subpeak SE of Ganesh II);6908;22664;5;4;TRUE;FALSE;FALSE;;Opened in 2002;1;2;;2000;1;GAN600101;May 23;Japan;Osamu Tanabe, Yasuhiro Hanatani;Possibly climbed in 1981 by Japanese Ganesh II team led by Hiroyashu Shirakabe;;
GANC;Ganchenpo;Fluted Peak, Ganchempo;Jugal Himal (W of Dorje Lhakpa and Urkinmang);6378;20925;8;3;TRUE;FALSE;FALSE;;;1;2;;1971;3;GANC71302;OctNov;USA;Terry Bech, Cheri Bech;;;
GAND;Gandharva Chuli;Gandharbha, Gabelhorn Peak;Annapurna Himal (SSW of Annapurna III near Machhapuchhare);6248;20499;1;5;TRUE;FALSE;FALSE;;;1;2;;2013;1;GAND13101;May 06;Romania;Cosmin Andron, Christina Pogacean;;;
GANG;Gangapurna;;Annapurna Himal (NW of Annapurna III);7455;24459;1;5;TRUE;FALSE;FALSE;;;1;2;;1965;1;GANG65101;May 06;W Germany, Nepal;Gunter Hauser, Ludwig Greissl, Hermann Kollensperger, Erich Reismueller, Ang Temba Sherpa, Phu Dorje Sherpa;;;
GAUR;Gaurishankar;Jomo Tseringma;Rolwaling Himal (on Tibetan border);7135;23409;19;2;TRUE;FALSE;FALSE;;;4;2;;1979;1;GAUR79101;May 08;US, Nepal;John Roskelley, Dorje Sherpa;;;
GHUN;Ghustang North;;Dhaulagiri Himal (WNW of Gurja Himal);6529;21421;4;6;TRUE;FALSE;FALSE;;Opened in 2003;1;2;;1962;3;GHUN62301;Oct 22;UK, Nepal;J.O.M. Roberts, Ang Pema Sherpa, Nawang Dorje Sherpa;;;
GHUS;Ghustang South;Gurja West, Paschim Himal;Dhaulagiri Himal (WSW of Gurja Himal);6465;21211;4;6;TRUE;FALSE;FALSE;;Opened in 2003;1;2;;2019;3;GHUS18301;Oct 23;France, Canada, Switzerland, Nepal;Corinne Amouillin-Gautier, Herve Barlier, Sophie Bellier, Dimitri Lomer, Albert Namiache, Charles Rossignol, Francois Schulz, Dipen Nuppa Bhote, Rajan Lama Bhote, Chettar Sherpa;;;
MATA;Matathumba;Matatumpa, Ghyuthumba East;Jagdula Lekh (S of Kanjiroba Himal);5767;18921;10;7;FALSE;TRUE;FALSE;;;1;2;;1961;1;MATA61101;May 16;UK, Nepal;John Tyson, James Burnet, John Earle, Mingma Tsering, Ang Temba Sherpa;;;
GHYM;Ghyuthumba Main;Gutumpa, Pasang Peak;Jagdula Lekh (S of Kanjiroba Himal);5806;19049;10;7;FALSE;TRUE;FALSE;;;1;2;;1953;3;GHYM53301;Nov;Austria, Nepal, India;Herbert Tichy, Ajiba Sherpa, Gyalzen Sherpa, Pasang Dawa Lama, Pemba Sherpa;;;
GIME;Gimmigela Chuli East;Twins;Kangchenjunga Himal (N of Kangchenjunga on Indian border);7007;22989;9;1;FALSE;TRUE;FALSE;;Requires permit for Gimmigela Chuli;5;2;;1993;3;GIME93301;Oct 09;Japan, Nepal;Hideo Koike, Masanori Sato, Taro Tanigawa, Chuldin Sherpa, Pasang Nima Sherpa, Phurba Sherpa;;;
GIMM;Gimmigela Chuli;Twins;Kangchenjunga Himal (N of Kangchenjunga on Indian border);7350;24114;9;1;TRUE;FALSE;FALSE;;;5;2;;1994;3;GIMM94301;Oct 29;Japan, Nepal;Shigeru Yokokuwa, Dawa Wangchuk Sherpa, Pasang Gyalzen Sherpa, Pasang Tenzing Sherpa;;;
GLAC;Glacier Dome;Tarke Kang, Tarke Khang;Annapurna Himal (E of Annapurna I);7168;23517;1;5;TRUE;FALSE;FALSE;;;1;2;;1964;1;GLAC64301;Oct 16;Japan, Nepal;Mitsuhiro Nishimura, Dorje Sherpa;;;
GURJ;Gurja Himal;;Dhaulagiri Himal (S of Dhaulagiri VI);7193;23599;4;6;TRUE;FALSE;FALSE;;;1;2;;1969;3;GURJ69301;Nov 01;Japan, Nepal;Tomokuni Saeki, Lhakpa Tenzing Sherpa;;;
GURK;Gurkarpo Ri;;Jugal Himal (N of Dorje Lhakpa on Tibetan border);6889;22602;8;3;TRUE;FALSE;FALSE;;;4;2;;2007;3;GURK07301;Nov 01;France;Paul Grobel, Pierre-Olivier Dupuy, Marc Kia, Jean Francois Males;;;
GYAC;Gyachung Kang;;Khumbu Himal (E of Cho Oyu on Tibetan border);7861;25791;12;2;TRUE;FALSE;FALSE;;;4;2;;1964;1;GYAC64101;Apr 10;Japan, Nepal;Yukihiko Kato, Kiyoto Sakaizawa, Pasang Phutar Sherpa (I);;;
GYAJ;Gyajikang;Gyaji Khang;Peri Himal (SW of Himlung Himal);7074;23209;18;5;TRUE;FALSE;FALSE;;;1;2;;1994;3;GYAJ94301;Oct 07;Japan, Nepal;Toshisada Hasegawa, Yousuke Kokubo, Osamu Tanabe, Ram Kaji Sivakoti, Pasang Tshering Sherpa, Dambar Bahadur Gurung;;;
LEOE;Leonpo Gang East;Gyalgen Peak;Jugal Himal (NE of Leonpo Gang on Tibetan border);6733;22090;8;3;TRUE;FALSE;FALSE;;Opened in 2014;4;2;;1955;1;LEOE55101;May 11;UK, Nepal;Monica Jackson, Elizabeth Stark, Mingma Gyalgen Sherpa, Ang Temba Sherpa;Peak named after sirdar Mingma Gyalgen Sherpa;;
HIME;Himalchuli East;Himalchuli Main;Mansiri Himal (SE of Manaslu);7893;25896;15;4;TRUE;FALSE;FALSE;;;1;2;;1960;1;HIME60101;May 24;Japan;Masahiro Harada, Hisashi Tanabe;;;
HIML;Himlung Himal;;Peri Himal (NW of Manaslu near Tibetan border);7126;23379;18;5;TRUE;FALSE;FALSE;;;1;2;;1992;1;HIML92301;Oct 03;Japan, Nepal;Osamu Hanai, Akio Koizumi, Nima Sherpa;Expeditions to Himlung prior to 1992 were probably climbing Nemjung;;
HIMN;Himalchuli North;;Mansiri Himal (SE of Manaslu, WNW of Himalchuli Main);7331;24052;15;4;TRUE;FALSE;FALSE;;;1;2;;1985;3;HIMN85302;Oct 27;S Korea, Nepal;Lee Jae-Hong, Ang Pasang Sherpa, Jangbu Sherpa, Lhakpa Norbu Sherpa, Pasang Dawa Sherpa;;;
RANI;Rani Peak;Lidanda Peak, Himalchuli Northeast;Mansiri Himal (SE of Manaslu, NE of Himalchuli Main);6693;21959;15;4;FALSE;TRUE;FALSE;;;1;2;;1970;1;RANI70101;May 05;Netherlands, Nepal;Herman Tollenaar, Ang Phurba Sherpa, Mingma Tsering Sherpa, Nima Dorje Sherpa;;;
HIMW;Himalchuli West;;Mansiri Himal (SE of Manaslu, W of Himalchuli Main);7540;24738;15;4;TRUE;FALSE;FALSE;;;1;2;;1978;1;HIMW78101;May 07;Japan;Yoshio Ogata, Kazuhiro Sugeno;;;
HIUP;Hiunchuli;Patal Hiunchuli;Annapurna Himal (E of Annapurna South);6434;21109;1;5;FALSE;FALSE;TRUE;1978;;1;2;;1971;3;HIUP71301;Oct 10;USA;Craig Anderson, Peter Cross, Jim Richards, John Skow, Lane Smith;;;
HNKU;Hongku Chuli;Hunku Chuli, Pyramid Peak;Khumbu Himal (in Hongku Valley, NE of Chamlang);6833;22418;12;2;TRUE;FALSE;FALSE;;Opened in 2013?;1;1;;;0;;;;Unclimbed;;;
HONG;Hongde;Hangde, Hongde Himal;Mukut Himal (N of Sita Chuchura in Hidden Valley);6556;21509;16;6;TRUE;FALSE;FALSE;;;1;2;;1962;1;HONG62101;May 08;Japan, Nepal;Shijiro Ishizaka, Zenkichi Hirayama, Takashi Miyahara, Ang Dawa Sherpa, Ang Temba Sherpa;;;
IMJA;Imjatse;Island Peak;Khumbu Himal (S of Lhotse);6165;20226;12;2;FALSE;FALSE;TRUE;1978;;1;2;;1956;1;IMJA56101;;Switzerland, Nepal;Hansrudolf Von Gunten, 2 unknown Sherpas;1st ascent of SW Summit by UK (Hunt) in 1953. Imjatse may have been climbed in the 1951 or 1952 by members of Shipton's teams;;
JAGD;Jagdula;;Jagdula Lekh (S of Kande Hiunchuli);5761;18901;10;7;TRUE;FALSE;FALSE;;;1;2;;2013;1;JAGD13101;Apr 30;France;Francois Damilano;;;
JANU;Jannu;Khumbhakarna;Kangchenjunga Himal (W of Kangchenjunga);7711;25299;9;1;TRUE;FALSE;FALSE;;;1;2;;1962;1;JANU62101;Apr 27;France, Nepal;Rene Desmaison, Paul Keller, Robert Paragot, Gyalzen Mitchung Sherpa;;;
JETH;Jethi Bahurani;Jettiborani, Jutibofurani;Api Himal (S of Nampa and Bobaye);6850;22474;2;7;TRUE;FALSE;FALSE;;;1;2;;1978;1;JETH78101;Apr 27;Japan;Kazuo Mitsui, Nobuhito Morota, Hideki Yoshida;;;
JONG;Jongsang;Jonsong, Jhinsang;Jongsang Himal (on Indian-Tibetan border);7462;24482;7;1;TRUE;FALSE;FALSE;;;6;2;;1930;1;JONG30101;Jun 03;Germany, Austria;Hermann Hoerlin, Erwin Schneider;;;
JUNC;Junction Peak;;Dhaulagiri Himal (on ridge joining Dhaulagiri VI, IV and Churen);7133;23402;4;6;FALSE;TRUE;FALSE;;;1;1;;;0;;;;Unclimbed;;;
KABD;Kabru Dome;;Simhalila Himal (SE of Kabru in India);6600;21654;9;1;FALSE;TRUE;FALSE;;;3;2;;1982;3;KABD82301;Sep 24;India;Mahabir Thakur, Tshering Lobsang, K. N. Singh, Gautam Dutta, P. Bhotia, Umeshari Devi;1st ascent claimed by India (Biswas) but not recognized;;
KABN;Kabru North;;Simhalila Himal (S of Kabru Main on Indian border);7338;24075;9;1;FALSE;TRUE;FALSE;;;5;2;;1935;3;KABN35301;Nov 18;UK;C. R. (Reggie) Cooke;Possible ascent by UK & Swiss (W. W. Graham, Emil Boss, Ulrich Kauffman) in 1883 (AJ, 219-228 (2009), Willy Blaser & Glyn Hughes;;
KAG1;Kagmara I;;Kagmara Lekh (S of Kanjiroba Himal);5978;19613;10;7;TRUE;FALSE;FALSE;;;1;2;;1962;1;KAG162101;May 23;UK, Nepal;Dorothea Gravina, Denise Evans, Nancy Smith, Pat Wood, Ang Temba Sherpa, Mingma Tsering Sherpa, Pemba Norbu Sherpa;;;
KAN1;Kande Hiunchuli North  I;;Kanjiroba Himal (NW of Kanjiroba);6521;21394;10;7;FALSE;TRUE;FALSE;;;1;1;;;0;;;;Unclimbed;;;
KAN2;Kande Hiunchuli North  II;;Kanjiroba Himal (NW of Kanjiroba);6471;21230;10;7;FALSE;TRUE;FALSE;;;1;2;;1980;1;KAN280101;May 03;Switzerland;Daniel Chevallier, Pierre Galland;;;
KANB;Kangbachen;Kambachen;Kangchenjunga Himal (W Spur of Kangchenjunga);7902;25925;9;1;TRUE;FALSE;FALSE;;;1;2;;1974;1;KANB74101;May 26;Poland;Wojciech Branski, Wieslaw Klaput, Marek Malatynski, Kazimierz Olech, Zbigniew Rubinowski;;;
KANC;Kangchenjunga Central;;Kangchenjunga Himal (between Main and South summits);8473;27799;9;1;TRUE;FALSE;FALSE;;;5;2;;1978;1;KANC78102;May 22;Poland;Wojciech Branski, Zygmunt Heinrich, Kazimierz Olech;Illegal ascent;;
KAND;Kande Hiunchuli;;Kanjiroba Himal (WNW of Kanjiroba);6627;21742;10;7;TRUE;FALSE;FALSE;;;1;2;;1972;3;KAND72301;Oct 18;Japan;Toyokazu Hirota, Shigeru Kuwahata;1st ascent claimed (but perhaps climbed 6570m peak);;
KANG;Kangchenjunga;;Kangchenjunga Himal;8586;28169;9;1;TRUE;FALSE;FALSE;;;5;2;;1955;1;KANG55101;May 25;UK;George Band, Joe Brown;;;
KANS;Kangchenjunga South;;Kangchenjunga Himal;8476;27808;9;1;TRUE;FALSE;FALSE;;;5;2;;1978;1;KANS78101;May 19;Poland;Eugeniusz Chrobak, Wojciech Wroz;;;
KARY;Karyolung;;Rolwaling Himal (SE of Numbur);6530;21424;19;2;TRUE;FALSE;FALSE;;;1;2;;1982;3;KARY82301;Oct 31;Japan, Nepal;Yoshiyuki Inoue, Masatoshi Iwasa, Hiroshi Nishie, Yogendra Thapa, Gita Bdr Joshi, Babu Ram Pun, Gore Tamang, Pemba Tshering Sherpa;;;
KCHN;Kangchung Nup;Khangchung Nup, Kangcho Nup, Cholo;Khumbu Himal (NE of Gokyo Lake);6043;19826;12;2;FALSE;TRUE;FALSE;;;1;2;;1953;1;KCHN53101;Apr 04;UK, New Zealand;Edmund Hillary, Wilfred Noyce, Charles Wylie;;;
NAYA;Naya Kanga;Kangja Chuli, Ghanja La Chuli;Jugal Himal (W of Ganchempo by Kangja La);5863;19236;8;3;FALSE;FALSE;TRUE;1978;;1;2;;;0;;;;1st ascent unknown;;;
KGUR;Kang Guru;Naurgaon;Peri Himal (SW of Himlung Himal);6981;22904;18;5;TRUE;FALSE;FALSE;;;1;2;;1955;2;KGUR55201;Jul 02;W Germany;Heinz Steinmetz, Fritz Lobbichler, Juergen Wellenkamp;;;
KHAT;Khatang;;Rolwaling Himal (E of Numbur);6790;22277;19;2;TRUE;FALSE;FALSE;;;1;2;;1982;3;KHAT82301;Oct 30;Japan, Nepal;Tatsumi Kawamura, Yoshimi Kitayama, Dorje Sherpa;;;
KHON;Khongma Tse;Mehra Peak;Khumbu Himal (SW of Nuptse);5798;19022;12;2;FALSE;FALSE;TRUE;1978;;1;2;;;0;;;;1st ascent unknown;;;
KJER;Kanjeralwa;Kanchen Ruwa;Kanjiroba Himal (NW of Phoksumdo Tal);6612;21693;10;7;TRUE;FALSE;FALSE;;;1;2;;1973;1;KJER73101;Apr 22;Japan, Nepal;Yasuaki Goshima, Koichi Kyogoku, Mingma Tensing Sherpa, Mingma Tsering Sherpa;;;
KJRN;Kanjiroba North;;Kanjiroba Himal;6858;22500;10;7;TRUE;FALSE;FALSE;;Opened in 2014;1;1;;;0;;;;Unclimbed;;;
KJRS;Kanjiroba South;;Kanjiroba Himal;6883;22582;10;7;TRUE;FALSE;FALSE;;One permit for Kanjiroba's north and south summits;1;2;;1970;3;KJRS70301;Nov 07;Japan;Hiroshi Okuda, Ichiryo Sato, Munehiro Sawada;;;
KOTA;Kotang;Kokthang, Kothang Kang;Simhalila Himal (SSW of Rothang on Indian border);6148;20171;9;1;TRUE;FALSE;FALSE;;;5;2;;1982;3;KOTA82301;Oct 11;Inida;K. V. Cherian, Nima Tashi Sherpa, Ang Norbu, Ki Kami Sherpa;;;
KTEG;Kangtega;Kantega, Khangtega, Kang Taiga;Khumbu Himal (SW of Ama Dablam);6783;22254;12;2;TRUE;FALSE;FALSE;;;1;2;;1963;1;KTEG63101;Jun 05;New Zealand, USA;David Dornan, Tom Frost, Michael Gill, Jim Wilson;;;
KTSU;Kangtsune;Kangchunne, Kanchauni Lekh;Kagmara Lekh (SE of Kanjiroba, W of Kanjeralwa);6444;21142;10;7;FALSE;TRUE;FALSE;;;1;1;;;0;;;;Unclimbed;;;
KUSU;Kusum Kanguru;Kusum Kang, Lamu;Khumbu Himal (NE of Lukla village);6370;20899;12;2;FALSE;FALSE;TRUE;1978;;1;2;;1981;3;KUSU81302;Oct 07;New Zealand;Bill Denz;;;
KWAN;Kwangde;;Rolwaling Himal (W of Namche Bazar);6186;20295;19;2;FALSE;FALSE;TRUE;1978;;1;2;;1978;3;KWAN78301;Nov 11;Japan;Takashi Iwahashi, Yoshihisa Ishikawa, Seiji Ogawa;;;
LAMJ;Lamjung Himal;;Annapurna Himal (SE of Annapurna II);6983;22910;1;5;TRUE;FALSE;FALSE;;;1;2;;1974;1;LAMJ74101;Apr 25;UK;Derrick Chamberlain, Phillip Neame;;;
LANG;Langtang Lirung;Langtang;Langtang Himal;7227;23711;13;3;TRUE;FALSE;FALSE;;;1;2;;1978;3;LANG78301;Oct 24;Japan, Nepal;Seishi Wada, Pemba Tsering Sherpa;;;
LANR;Langtang Ri;;Langtang Himal (NE of Langtang Lirung on Tibetan border);7205;23638;13;3;TRUE;FALSE;FALSE;;;4;2;;1981;3;LANR81301;Oct 10;Japan, Nepal;Soichi Nasu, Makihiro Wakao, Noboru Yamada, Ang Rinji Sherpa;;;
LEON;Leonpo Gang;Dorje Pahad, Big White Peak;Jugal Himal (NNE of Dorje Lhakpa on Tibetan border);6979;22897;8;3;TRUE;FALSE;FALSE;;;4;2;;1962;1;LEON62101;May 03;Japan;Tadashi Morita, Kazunari Yasuhisa;;;
LHAS;Lha Shamma;Lhasharma, Pinnacle Peak;Kagmara Lekh (S of Kanjiroba, NNW of Kagmara I);6412;21037;10;7;TRUE;FALSE;FALSE;;Opened in 2014;1;2;;1962;1;LHAS62101;May 14;UK, Nepal;Josephine Scarr, Barbara Spark, Mingma Tsering Sherpa, Pemba Norbu Sherpa;;;
LHOT;Lhotse;;Khumbu Himal;8516;27940;12;2;TRUE;FALSE;FALSE;;;4;2;;1956;1;LHOT56101;May 18;Switzerland;Fritz Luchsinger, Ernst Reiss;;;
MUKT;Mukut Himal;Mukot Himal, Langru;Mukut Himal (N of Sita Chuchura, S of Hongde);6087;19970;16;6;TRUE;FALSE;FALSE;;Opened in 2014;1;2;;1967;3;MUKT67301;Sep;Netherlands;Alfons J. Driessen, Michiel van Mourik Broekman;1st ascent if team was actually on this peak;;
LNPO;Langpo;Longpo;Jongsang Himal (SE of Jongsang on Indian border);6965;22851;7;1;TRUE;FALSE;FALSE;;;5;2;;1909;3;LNPO09301;Sep 14;UK;A. M. Kellas;;;
LOBE;Lobuje East;Lobuche East;Khumbu Himal (SW of Pumori);6090;19980;12;2;FALSE;FALSE;TRUE;1978;;1;2;;1984;1;LOBE84101;Apr 25;USA, Nepal;Larry Nielson, Any Gyaltsen Sherpa;Possibly climbed by Japanese in 1979 (unverified);;
LOBW;Lobuje West;Lobuche West;Khumbu Himal (SW of Pumori);6135;20128;12;2;FALSE;FALSE;TRUE;2002;Converted to trekking peak in 2002;1;2;;1984;3;LOBW84301;Sep 28;Japan;Yuji Kawakura, Yoshihiro Taguchi;;;
LSHR;Lhotse Shar;Lhotse II;Khumbu Himal (ESE of Lhotse and Lhotse Middle);8382;27500;12;2;TRUE;FALSE;FALSE;;;4;2;;1970;1;LSHR70101;May 12;Austria;Josef Mayerl, Rolf Walter;;;
LSIS;Langshisa Ri;Langsisa Ri;Jugal Himal (NW of Dorje Lhakpa);6412;21037;8;3;FALSE;FALSE;TRUE;2002;Converted to trekking peak in 2002;1;2;;1982;1;LSIS82101;Apr 23;Japan, Nepal;Takuya Kajimoto, Pasang Norbu Sherpa;;;
MACH;Machhapuchhare;;Annapurna Himal (SE of Annapurna III);6993;22943;1;5;FALSE;TRUE;FALSE;;Closed;1;1;;;0;;;;Unclimbed;Rumored that one New Zealander (Bill Denz) summited by the N Ridge-NE Face route in the late 1970s;;
BTAK;Bhairab Takura;Madiya;Jugal Himal (ENE of Dorje Lhakpa on Tibetan border);6799;22306;8;3;TRUE;FALSE;FALSE;;;4;2;;1960;1;BTAK60101;May 07;Japan, Nepal;Kunitoshi Ishihara, Yukihito Kato, Pasang Phutar Sherpa (I);;;
MAK2;Makalu II;Kangchungtse;Makalu Himal (NNW of Makalu on Tibetan border);7678;25190;14;2;TRUE;FALSE;FALSE;;;4;2;;1954;3;MAK254301;Oct 22;UK, Nepal;Jean Franco, Lionel Terray, Gyaltsen Norbu Sherpa, Pa Norbu Sherpa;;;
MAKA;Makalu;;Makalu Himal;8485;27838;14;2;TRUE;FALSE;FALSE;;;4;2;;1955;1;MAKA55101;May 15;France;Jean Couzy, Lionel Terray;;;
MANA;Manaslu;Kutang I, Peak 30;Manaslu Himal;8163;26781;15;4;TRUE;FALSE;FALSE;;;1;2;;1956;1;MANA56101;May 09;Japan, Nepal;Toshio Imanishi, Gyaltsen Norbu Sherpa;;;
MANN;Manaslu North;Manaslu II;Manaslu Himal (N of Manaslu);6994;22946;15;4;TRUE;FALSE;FALSE;;;1;2;;1964;3;MANN64301;Oct 25;Netherlands, Austria, Nepal;Alfons Driessen, Jan De Lint, Hubert Schriebl, Ila Tshering Sherpa, Nima Tenzing Sherpa;1st ascent disputed by Anders Bolinder;;
MANP;Manapathi;;Dhaulagiri Himal (SSW of Dhaulagiri I);6380;20932;4;6;TRUE;FALSE;FALSE;;;1;2;;1956;1;MANP56101;Apr 25;Argentina, Nepal;Emiliano Huerta, Ayiwa Sherpa;1st ascent?;;
MARD;Mardi Himal;;Annapurna Himal (SW of Machhapuchhare);5553;18219;1;5;FALSE;FALSE;TRUE;1978;;1;2;;1962;1;MARD62101;Apr 23;UK, Nepal;J. O. M. Roberts, Ang Tshering Sherpa, Tenzing Nindra Sherpa;;;
MERA;Mera Peak;"""False"" Mera Peak";Khumbu Himal (S of Ama Dablam);6470;21227;12;2;FALSE;FALSE;TRUE;1978;;1;2;;1953;1;MERA53101;May;UK, Nepal;J. O. M. Roberts, Sen Tenzing Sherpa;"Climbed ""false Mera"" 6476m?  ""True Mera"" unclimbed?";;
MING;Mingbo Ri;;Khumbu Himal (S of Ama Dablam and Mingbo La);6207;20364;12;2;FALSE;TRUE;FALSE;;;1;1;;;0;;;;Unclimbed;;;
NALA;Nalakankar North;;Nalakankar Himal (on W Nepal/Tibetan border);6062;19888;17;7;TRUE;FALSE;FALSE;;;4;2;;2000;2;NALA00201;Jul 06;Japan, Nepal;Takehiko Yanagihara, Ang Phurba Sherpa;;;
NAMP;Nampa;Chisel Peak;Api Himal (E of Api);6729;22077;2;7;TRUE;FALSE;FALSE;;;1;2;;1972;1;NAMP72101;May 05;Japan;Fukutoshi Kimura, Susumu Takahashi;;;
NCHU;Nupchu;Sharphu IV;Ohmi Kangri Himal (NW of Kangchenjunga);6172;20249;6;1;FALSE;TRUE;FALSE;;;1;2;;1962;1;SPH462101;May 20;Japan;Takayuki Tsubaki, Chotare Sherpa;;;
NEMJ;Nemjung;;Peri Himal (S of Himlung Himal and Himjung);7140;23425;18;5;TRUE;FALSE;FALSE;;;1;2;;1983;1;NEMJ83301;Oct 27;Japan, Nepal;Makito Minami, Wataru Saito, Ken Takahashi, Kirki Lama;;;
NEPA;Nepal Peak;;Jongsang Himal (N of Kangchenjunga on Indian border);7177;23547;7;1;TRUE;FALSE;FALSE;;;5;2;;1930;1;NEPA30101;May 24;Austria;Erwin Schneider;Schneider may have only gone to the SW Peak (7130m) in which case the first ascent was by the Germans in 1936;;
NGO2;Ngojumba Kang II;;Khumbu Himal (NE of Cho Oyu on Tibetan border);7743;25404;12;2;TRUE;FALSE;FALSE;;;4;2;;1965;1;NGO265101;Apr 24;Japan, Nepal;Naomi Uemura, Pemba Tenzing Sherpa;;;
NGOJ;Ngojumba Kang I;Ngozumba Kang, Ngozumba Ri, Tenzing Peak;Khumbu Himal (NE of Cho Oyu on Tibetan border);7916;25971;12;2;TRUE;FALSE;FALSE;;Opened in 2014 as Tenzing Peak;4;2;;1982;3;NGOJ82302;Nov 02;S Korea, Nepal;Kim Young-Han, Ang Tshering Sherpa, Dorje Sherpa;;;
NILC;Nilgiri Central;;Annapurna-Nilgiri Himal (NW of Annapurna I);6940;22769;1;5;TRUE;FALSE;FALSE;;;1;2;;1979;1;NILC79101;Apr 30;Japan;Kohichi Sakata, Yasuo Tsuda;;;
NILN;Nilgiri North;;Annapurna-Nilgiri Himal (NW of Annapurna I);7061;23166;1;5;TRUE;FALSE;FALSE;;;1;2;;1962;3;NILN62301;Oct 19;Netherlands, France, Nepal;Lionel Terray, H. G. Van Lookern Campagne, P. Van Lookern Campagne, P. F. J. Van Lookern Campagne, Wangdi Sherpa;;;
NILS;Nilgiri South;;Annapurna-Nilgiri Himal (NW of Annapurna I);6839;22438;1;5;TRUE;FALSE;FALSE;;;1;2;;1978;3;NILS78301;Oct 10;Japan;Kazuo Mitsui, Taichi Fujimatsu, Yoshiaki Kato, Nobuhito Morota, Seiji Tanaka, Hideki Yoshida;;;
NUMB;Numbur;;Rolwaling Himal (SW of Namche Bazar);6958;22828;19;2;TRUE;FALSE;FALSE;;;1;2;;1963;1;NUMB63101;May 29;Japan, Nepal;Hiroshi Matsuo, Mingma Tsering Sherpa;;;
NUPT;Nuptse;;Khumbu Himal (SW of Everest);7864;25801;12;2;TRUE;FALSE;FALSE;;;1;2;;1961;1;NUPT61101;May 16;UK, Nepal;Dennis Davis, Tashi Sherpa;1st ascent of W Smt (NUPT-884-01);;
OHMI;Ohmi Kangri;;Ohmi Kangri Himal (NW of Kangchenjunga on Tibetan border);6839;22438;6;1;TRUE;FALSE;FALSE;;;4;2;;1985;1;OHMI85101;Apr 14;Switzerland;Andre Rieder, Alain Vaucher;;;
OMBK;Ombak Himal;;Ohmi Kangri Himal (NE of Ombak La in Tibet);6300;20669;6;1;FALSE;TRUE;FALSE;;;2;1;;;0;;;;Unclimbed?;;;
PALD;Paldor;Bharange;Ganesh Himal (SE of  Ganesh V);5903;19367;5;4;FALSE;FALSE;TRUE;1978;;1;2;;1949;2;PALD49201;;UK, Nepal;H. W. Tilman, Peter Lloyd, Tenzing Sherpa, Da Namgyal Sherpa;1st ascent claimed in 1949, but actual 1st ascent may have been in 1974 by John Cleare and Ian Howell;;
PANG;Pangbuk Ri;;Rolwaling Himal (N of Menlung La on Tibetan border);6625;21736;19;2;TRUE;FALSE;FALSE;;Opened in 2002;4;2;;2011;3;PANG11301;Nov 11;USA;David Gottlieb, Chad Kellogg;The Pangbuk that Bourdillon and Colledge climbed on May 29, 1952 was south of Menlung La (thus not Pangbuk Ri);;
PARC;Parchamo;Parchermo, Parchemuche, Pachermo;Rolwaling Himal (S of Tesi Laptsa);6279;20600;19;2;FALSE;FALSE;TRUE;1978;;1;2;;1955;1;PARC55101;Apr;UK;Peter Boultbee, Denis Davis;;;
PATR;Patrasi Himal;Kande Hiunchuli North;Kanjiroba Himal (NE of Kande Huinchuli);6450;21161;10;7;TRUE;FALSE;FALSE;;;1;1;;;0;;;;Unclimbed;;;
PETH;Pethangtse;;Khumbu Himal (NW of Makalu on Tibetan border);6739;22110;12;2;TRUE;FALSE;FALSE;;Opened in 2002;4;2;;1954;1;PETH54101;May 26;New Zealand, Nepal;Michael Ball, Norman Hardie, Brian Wilkins, Urkien Sherpa;;;
PHUR;Phurbi Chhyachu;Phurbi Ghyachu;Jugal Himal (SE of Dorje Lhakpa on Tibetan border);6637;21775;8;3;TRUE;FALSE;FALSE;;;4;2;;1982;1;PHUR82101;May 01;Japan, Nepal;Shintaro Kurokawa, Fumihito Ogawa, Hiromitsu Okamoto, Takashi Shingaki, Hajime Takigami, Ang Phuri Lama, Pemba Lama Sherpa;;;
PIMU;Pimu;Pamalka;Rolwaling Himal (N of Tesi Laptsa);6344;20814;19;2;FALSE;TRUE;FALSE;;;1;2;;1955;1;PIMU55101;Apr;UK;Peter Boultbee, Dennis Davis;;;
PISA;Pisang;Jong Ri;Damodar Himal (N of Marysangdi Valley);6091;19984;3;5;FALSE;FALSE;TRUE;1978;;1;2;;1955;1;PISA55201;Jun 10;W Germany;Juergen Wellenkamp;;;
PK29;Peak 29;Ngadi Chuli, Dakura, Dr Harka Gurung Chuli;Manaslu Himal (S of Manaslu);7871;25823;15;4;TRUE;FALSE;FALSE;;;1;2;;1979;1;PK2979101;May 08;Poland;Ryszard Gajewski, Maciej Pawlikowski;1st ascent claimed by Japan (Sumiyoshi) in 1970 (summiters killed in descent);;
POIN;Pointed Peak;;Khumbu Himal (N of Cholatse, S of Tshola La);5850;19193;12;2;FALSE;TRUE;FALSE;;;1;2;;1953;1;POIN53101;Apr 01;UK;Wilfred Noyce, Michael Ward, Charles Wylie;;;
POKA;Pokalde;;Khumbu Himal (N of Ama Dablam);5780;18963;12;2;FALSE;FALSE;TRUE;1978;;1;2;;1953;1;POKA53101;Apr 15;UK;Tom Bourdillon, Wilfred Noyce, Michael Ward;;;
OMBG;Ombigaichen;Puma Dablam;Khumbu Himal (SE of Ama Dablam);6340;20801;12;2;FALSE;FALSE;TRUE;2002;Opened in 2002 as trekking peak;1;2;;1960;3;OMBG60301;Nov 18;New Zealand, Nepal;Jim Milledge, Ang Tsering Sherpa;;;
PUMO;Pumori;;Khumbu Himal (WNW of Everest on Tibetan border);7138;23419;12;2;TRUE;FALSE;FALSE;;;4;2;;1962;1;PUMO62101;May 17;W Germany, Switzerland;Gerhard Lenser, Ernst Farrer, Ueli Huerlemann, Hans Ruetzel;;;
PUTH;Putha Hiunchuli;Dhaulagiri VII;Dhaulagiri Himal (W of Churen Himal);7246;23773;4;6;TRUE;FALSE;FALSE;;;1;2;;1954;3;PUTH54301;Nov 11;UK, Nepal;J. O. M. Roberts, Ang Nyima Sherpa;;;
PYRM;Pyramid Peak;Pathibhara Chuli, Pathibhara Khas;Jongsang Himal (N of Kangchenjunga on Indian border);7140;23425;7;1;TRUE;FALSE;FALSE;;;5;2;;1993;1;PYRM93101;Apr 24;Japan, India;Yoshio Ogata, Jot Singh Bhandari, Hiroshi Iwazaki, Phurba Lepcha, Sunder Singh Martolia, Lobsang Sherpa, Nobuhiro Shingo;1st ascent claimed by Swiss (Sutter) in 1949 but reached secondary summit;;
RAKS;Raksha Urai;Raksha Urai III;Raksha Urai Himal (ESE of Nampa);6609;21683;2;7;TRUE;FALSE;FALSE;;;1;2;;2003;3;RAKS03301;Oct 15;France, Nepal;Arnaud Clere, Catherine Couland, Gael Faroux, Keshab Raj Gurung;;;
RAMD;Ramdung;Ramdong Go;Rolwaling Himal (W of Tesi Laptsa);5900;19357;19;2;FALSE;FALSE;TRUE;1978;;1;2;;1952;3;RAMD52301;Oct;UK, Nepal;Tom MacKinnon, Dawa Tenzing Sherpa, Mingma Sherpa;;;
RATH;Rathong;;Simhalila Himal (SW of Kabru on Indian border);6682;21923;9;1;TRUE;FALSE;FALSE;;;5;2;;1964;3;RATH64301;Oct 29;India;H. P. S. Ahluwalia, Ang Kami Sherpa, Dorje Latoo Sherpa, Nawang Gombu Sherpa;;;
ROCN;Roc Noir;Khangsar Kang, Khang Sar Khang;Annapurna Himal (ENE of Annapurna I);7485;24557;1;5;TRUE;FALSE;FALSE;;;1;2;;1969;1;ROCN69101;May 09;W Germany;Reinhold Obster, Pit Schubert, Karl Winkler;;;
ROKA;Rokapi;Kapchuli;Api Himal (S of Nampa, Bobaye and Jethi Bahurani);6468;21220;2;7;TRUE;FALSE;FALSE;;Opened in 2002;1;2;;1977;3;ROKA77301;Oct 10;UK;Thomas Herley, Kelvin McLane;;;
SAIE;Saipal East Humla;;Saipal Himal (NE of Saipal);6925;22720;20;7;TRUE;FALSE;FALSE;;;1;2;;1990;3;SAIP90301;Oct 26;Switzerland, Nepal;Jacques Montaz, Tendi Sherpa;Saipal East Humla is a subpeak on the NE Ridge of Saipal;;
SAIP;Saipal;;Saipal Himal;7030;23064;20;7;TRUE;FALSE;FALSE;;;1;2;;1963;3;SAIP63301;Oct 21;Japan, Nepal;Katsuotoshi Hirabayashi, Pasang Phutar Sherpa (I);;;
SHAR;Shartse;Peak 38, Shanti Shikhar;Khumbu Himal (E of Lhotse Shar on Tibetan border);7591;24905;12;2;TRUE;FALSE;FALSE;;;4;1;;;0;;;;Unclimbed;;;
SHA2;Shartse II;Junction Peak;Khumbu Himal (E of Lhotse Shar on Tibetan border);7457;24465;12;2;TRUE;FALSE;FALSE;;;4;2;;1974;1;SHA274101;May 23;Austria, W Germany;Kurt Diemburger, Hermann Warth;;;
SHEY;Shey Shikhar;Junction Peak;Kanjiroba Himal (SE of Kanjiroba and Tripura Hiunchuli);6139;20141;10;7;TRUE;FALSE;FALSE;;;1;2;;2007;2;SHEY07201;Aug 23;Japan;Katsuhito Fujikawa;;;
SING;Singu Chuli;Fluted Peak;Annapurna Himal (Annapurna Sanctuary);6501;21329;1;5;FALSE;FALSE;TRUE;1978;;1;2;;1957;1;SING57101;Jun 13;UK;David Cox, Wilfred Noyce;;;
SISN;Sisne Himal;Hiunchuli Patan;Sisne Himal (SW of Juphal in Rukum);5911;19393;10;7;TRUE;FALSE;FALSE;;;1;2;;2013;1;SISN13101;May 26;Nepal, USA;Man Bahadur Khatri, Alonzo Lyons, Dbruba Bista, Mulal Gurung, Nilam Gurung, Ali Bahadur Khatri, Vinaya Jaya Malla, Amrit Sarki;;;
SITA;Sita Chuchura;;Mukut Himal (ENE of Dhaulagiri II near French Pass);6611;21690;16;6;TRUE;FALSE;FALSE;;;1;2;;1970;3;SITA70301;Oct 26;Japan, Nepal;Masahiko Takahashi, Hiroshi Harada, Nobuyki Hirato, Phurba Kitar Sherpa;;;
SNOW;Snow Peak;;Dhaulagiri Himal (E of Dhaulagiri II);6530;21424;4;6;FALSE;TRUE;FALSE;;;1;1;;;0;;;;Unclimbed;;;
SPHN;Sphinx;Pathibhara Phurba, Pathibhara East;Jongsang Himal (NE of Pathibhara on Indian border);6825;22392;7;1;TRUE;FALSE;FALSE;;Opened in 2014;5;2;;1936;1;SPHN36101;Jun;UK;J. K. Cooke, Frederick S. Chapman, John B. Harrison;;;
SPH1;Sharphu I;Tanga I;Ohmi Kangri Himal (WNW of Kangchenjunga);6433;21106;6;1;TRUE;FALSE;FALSE;;Opened in 2002;1;2;;1963;3;SPH163301;Oct 22;Japan;Takao Ishinabe, Chiharu Miyamoto, Yuzo Tatsumi;;;
SURM;Surma-Sarovar North;;Api Himal (SSE of Jethi Bahurani);6564;21535;2;7;TRUE;FALSE;FALSE;;;1;1;;;0;;;;Unclimbed;;;
TAWO;Tawoche;Taboche;Khumbu Himal (NW of Ama Dablam);6495;21309;12;2;TRUE;FALSE;FALSE;;;1;2;;1974;1;TAWO74101;Apr 15;France;Louis Dubost, Paul Gendre;;;
KIRA;Kirat Chuli;Tent Peak;Jongsang Himal (N of Kangchenjunga on Indian border);7362;24154;7;1;TRUE;FALSE;FALSE;;;5;2;;1939;2;KIRA39101;May 29;Switzerland, Germany;Ernst Grob, Herbert Paidar, Ludwig Schmaderer;;;
THAM;Thamserku;Tramserku;Khumbu Himal (SW of Ama Dablam);6618;21713;12;2;TRUE;FALSE;FALSE;;;1;2;;1964;3;THAM64301;Nov 04;New Zealand;Lynn Crawford, Peter Farrell, John McKinnon, Richard Stewart;;;
THAR;Tharpu Chuli;Tent Peak;Annapurna Himal (Annapurna Sanctuary);5695;18684;1;5;FALSE;FALSE;TRUE;1978;;1;2;;1964;3;THAR64301;Oct 23;Japan;Masaaki Kimura, Kiyoo Shimada;;;
TILI;Tilicho;Tilitso;Annapurna-Nilgiri Himal (N of Annapurna I);7134;23406;1;5;TRUE;FALSE;FALSE;;;1;2;;1978;3;TILI78301;Oct 10;France;Emmanuel Schmutz;Reinhold Messner claimns first ascent in autumn of 1971;;
TLNG;Talung;;Simhalila Himal (S of Kangchenjunga on Indian border);7349;24111;9;1;TRUE;FALSE;FALSE;;Opened in 2002;5;2;;1964;1;TLNG64101;May 19;W Germany, Nepal;Franz Lindner, Tenzing Nanda Sherpa;;;
TONG;Tongu;;Mukut Himal (N of Hongde in Hidden Valley);6187;20299;16;6;FALSE;TRUE;FALSE;;;1;2;;1959;3;TONG59301;Oct 21;USA;John Humphreys, Fred Dunn, John Noxon;;;
TRIP;Tripura Hiunchuli;Tripura Thumba, Hanging Glacier Peak;Kanjiroba Himal (SE of Kanjiroba);6553;21499;10;7;TRUE;FALSE;FALSE;;;1;2;;1986;3;TRIP86301;Oct 17;Japan, Nepal;Noriyuki Hata, Katashi Tokimoto, Ang Phuri Sherpa;1st ascent of main (north) peak;;
TSOK;Tso Karpo Kang;Tso Karpo Khang;Kanjiroba Himal (E of Kanjiroba);6556;21509;10;7;TRUE;FALSE;FALSE;;Opened in 2002;1;2;;1971;3;TSOK71301;Oct 25;Japan;Shoji Miyoshi, Koji Mizutani;;;
TUKU;Tukuche;;Dhaulagiri Himal (NE of Dhaulagiri I);6920;22703;4;6;TRUE;FALSE;FALSE;;;1;2;;1970;1;TUKU70101;Apr 30;Japan;Hirosuke Kikuchi, Eiho Otani, Takao Yonemoto;1st unofficial ascent by USA in 1968?;;
URKM;Urkinmang;Buddha;Jugal Himal (W of Dorje Lhakpa);6143;20154;8;3;TRUE;FALSE;FALSE;;;1;2;;1964;1;URKM64101;May 20;Japan, Nepal;Akira Ban, Kazuhisa Jokei, Tesuya Kiyohara, Mingma Tshering Sherpa;;;
ANID;Anidesh Chuli;White Wave Peak;Kangchenjunga Himal (W of Kangbachen);6808;22336;9;1;TRUE;FALSE;FALSE;;Opened in 2002;1;1;;;0;;;;Unclimbed;;;
TSUR;Tsaurabong Peak;Chara Ban Peak, White Peak;Dhaulagiri Himal (SSE of Dhaulagiri V);6395;20981;4;6;FALSE;TRUE;FALSE;;;1;2;;1974;1;TSUR74101;;Japan, Nepal;Genzaburo Yamasaki, Sherpas (?);;;
YALU;Yalung Kang;Yalungkar;Kangchenjunga Himal (W summit of Kangchenjunga);8505;27904;9;1;TRUE;FALSE;FALSE;;;1;2;;1973;1;YALU73101;May 14;Japan;Yutaka Ageta, Takao Matsuda;1st ascent claimed;;
PASA;Pasang Lhamu Chuli;Jasemba;Khumbu Himal (W of Cho Oyu & Cho Aui on Tibetan border);7350;24114;12;2;TRUE;FALSE;FALSE;;;4;2;;1986;3;PASA86301;Oct 12;Japan;Katsushi Emura, Yukitoshi Endo, Katsuo Matsuki, Yoshihiro Shikoda;;;
RATC;Ratna Chuli;;Peri Himal (NW of Himlung on Tibetan border);7035;23081;18;5;TRUE;FALSE;FALSE;;Opened in 2002;4;2;;1996;3;RATC96301;Oct 14;Japan, Nepal;Osamu Tanabe, Santa Bahadur Ale, Katsuhiko Sawada, Durge Bahadur Tamang, Tul Bahadur Tamang;;;
KANT;Kanti Himal;Ronglai Kangri, Kaqur Kangri, Kubi Grangri;Kanti Himal (NNW of Kanjiroba on Tibetan border);6850;22474;11;7;TRUE;FALSE;FALSE;;Opened in 2002;4;2;;2002;3;KANT02301;Sep 24;Japan, Nepal;Toyoji Wada, Katsumi Nishida, Atsushi Senda, Hyosuke Tsuboi, Yusuke Ueda, Ang Mingm Sherpa, Karchen Dawa Sherpa, Nga Dorje Sherpa;Ascent was from Tibetan side;;
RAMT;Ramtang;;Kangchenjunga Himal (N of Kangbachen);6601;21657;9;1;TRUE;FALSE;FALSE;;Opened in 1997;1;2;;1930;1;RAMT30101;May;Austria, UK;Erwin Schneider, Frank Smythe;;;
LING;Lingtren;;Khumbu Himal (ENE of Pumori on Tibetan border);6713;22024;12;2;TRUE;FALSE;FALSE;;Opened in 2002;4;2;;1935;2;LING35201;Aug;UK;Eric Shipton, Dan Bryant;;;
TENG;Tengkoma;Tang Kongma;Jongsang Himal (NW of Kangchenjunga);6215;20390;7;1;TRUE;FALSE;FALSE;;Opened in 1997;1;2;;1949;1;TENG49101;Jun 17;Switzerland, Nepal;Alfred Sutter, Rene Dittert, Annelies Lohner, Jacob Pargaetzi-Almer, Edouard Wyss-Dunant, Pasang Sherpa;;;
RAMC;Ramtang Chang;Wedge Peak, Chang Himal;Kangchenjunga Himal (N of Ramtang);6802;22316;9;1;TRUE;FALSE;FALSE;;Opened in 2002;1;2;;1974;3;RAMC74301;Oct 05;Yugoslavia;Janez Gradisar, Bojan Pollak, Michael Smolej;Illegal ascent;;
CHRE;Churen Himal East;;Dhaulagiri Himal (NW of Dhaulagiri VI);7371;24183;4;6;TRUE;FALSE;FALSE;;One permit for Churen Himal's three summits;1;2;;1970;1;CHRE70101;Apr 29;S Korea, Nepal;Kim Ho-Sup, Rinsing Ongyal Sherpa;;;
CHRW;Churen Himal West;;Dhaulagiri Himal (NW of Dhaulagiri VI);7371;24183;4;6;TRUE;FALSE;FALSE;;One permit for Churen Himal's three summits;1;2;;1970;3;CHRW70301;Oct 28;Japan, Nepal;Kozo Hasegawa, Ang Norbu Sherpa;;;
CHRI;Chhukung Ri;;Khumbu Himal (S of Lhotse);5550;18209;12;2;FALSE;FALSE;TRUE;2002;"Opened in 1997; converted to trekking peak in 2002";1;2;;1965;1;CHRI65101;May;Netherlands;Johannes Adolf Noordijk;;;
KTOK;Kangtokal;Khang Tokal;Dhaulagiri Himal (on ridge N of Putha Hiunchuli);6294;20650;4;6;TRUE;FALSE;FALSE;;Opened in 1997;1;2;;1962;1;KTOK62101;Jun 06;Japan, Nepal;Zenkichi Hirayama, Ang Temba Sherpa;;;
SRKU;Serku Dolma;;Kanjiroba Himal (S of Tso Karpo Kang);6227;20430;10;7;FALSE;TRUE;FALSE;;;1;2;;1973;3;SRKU73301;Oct 30;Japan, Nepal;Eiken Moriyama, Morihiro Takechi, Anu Sherpa;;;
NALS;Nalakankar South;;Nalakankar Himal (on W Nepal/Tibetan border);6024;19764;17;7;FALSE;TRUE;FALSE;;;4;2;;2000;2;NALS00201;Jul 07;Japan, Nepal;Tamotsu Ohnishi, Takehiko Yanagihara, Chuldim Nuru Sherpa, Kancha Dawa Sherpa;;;
CHWT;Changwathang;;Chandi Himal (S of Tibetan border);6130;20112;17;7;TRUE;FALSE;FALSE;;Opened in 2002;1;2;;2000;2;CHWT00201;Jun 28;Japan, Nepal;Tamotsu Ohnishi, Koji Mizutani, Nobuo Akayama, Takehiko Yanagihara, Chuldim Nuru Sherpa, Dawa Sherpa;;;
TAKP;Takphu Himal;;Nalakankar Himal (on W Nepal/Tibetan border);6395;20981;17;7;TRUE;FALSE;FALSE;;Opened in 2003;4;2;;2018;3;TAKP18301;Oct 11;UK, Germany;Ed Douglas, Christof Nettekoven, Bruce Normand;;;
MALA;Malanphulan;Melanphulan, Hinku Ri;Khumbu Himal (S of Ama Dablam, NW of Kangtega);6573;21565;12;2;TRUE;FALSE;FALSE;;Opened in 2014;1;2;;2000;1;MALA00101;Apr 28;USA;Peter Carse, Amy Bullard;;;
LHOM;Lhotse Middle;Lhotse Intermediate;Khumbu Himal (E of Lhotse);8410;27592;12;2;TRUE;FALSE;FALSE;;Opened in 2001;4;2;;2001;1;LHOM01101;May 23;Russia;Sergei Timofeev, Alexei Bolotov, Piotr Kouznetsov, Evgeni Vinogradski;;;
SIMN;Simnang Himal;P2, Simnang Himal East;Manaslu Himal (SE of Manaslu);6251;20509;15;4;TRUE;FALSE;FALSE;;Opened in 2001;1;2;;2001;1;SIMN01101;May 16;Ukraine;Mistislav Gorbenko, Vadim Leontiev, Sergei Pugachov, Mykhaylo Zagirnyak;;;
HCHI;Hungchhi;Hunchhi, Chakung, Gyubanare Kang, Gyuba Tshomotse;Khumbu Himal (S of Gyachung Kang on Tibetan border);7029;23061;12;2;TRUE;FALSE;FALSE;;Opened in 2001;4;2;;2003;1;HCHI03102;Apr 19;Japan, Nepal;Katsuo Fukuhara, Tadashi Morita, Kanji Shimizu, Durga Rai, Hit Bahadur Tamang, Ram Kaji Tamang, Tul Bahadur Tamang;;;
LAMP;Lampo;Langpo Kangri, Ganesh VI;Ganesh Himal (N of Ganesh I on Tibetan border);6648;21811;5;4;FALSE;TRUE;FALSE;;;4;1;;;0;;;;Unclimbed;;;
CHUK;Chhukung Tse;Chhukung Chuli;Khumbu Himal (S of Lhotse);5833;19137;12;2;FALSE;FALSE;TRUE;;;1;2;;1953;1;CHUK53101;Apr 03;UK, Nepal;John Hunt, Tenzing Norgay Sherpa;;;
DZAN;Dzanye;Dzanaye;Janak Himal (WNW of Lashar I on Tibetan border);6581;21591;6;1;TRUE;FALSE;FALSE;;;4;2;;1949;1;DZAN49101;Jun 30;Switzerland;Alfred Sutter, Rene Dittert, Annelies Lohner, Jacob Pargaetzi-Almer, Edouard Wyss-Dunant;;;
GAUG;Gaugiri;;Damodar Himal (N of Bhrikuti on Tibetan border);6110;20046;3;5;TRUE;FALSE;FALSE;;Opened in 2002;4;2;;2002;1;GAUG02101;May 28;USA;Peter Ackroyd, Jim Frush;;;
TKPO;Tengkangpoche;Thyangmoche;Rolwaling Himal (W of Kwangde);6482;21266;19;2;TRUE;FALSE;FALSE;;Opened in 2001;1;2;;1984;3;TKPO84301;Oct;UK, USA;Trevor Pilling, Andy Zimet;;;
ARNK;Arniko Chuli;Araniko Chuli;Mukut Himal (W Mustang near Tibetan border);6034;19797;16;6;TRUE;FALSE;FALSE;;Opened in 2002;4;2;;2002;2;ARNK02201;Jul 10;Japan, Nepal;Tamotsu Ohnishi, Ang Phurba Sherpa, Dikki Sherpa;;;
SARI;Saribung;Selibung;Damodar Himal (W of Bhrikuti);6328;20761;3;5;TRUE;FALSE;FALSE;;Opened in 2002;1;2;;2003;3;SARI03301;Oct 15;USA;Jim Frush, Steve Furman;;;
GHEN;Ghenge Liru;Ghenye Lirung, Langtang II;Langtang Himal (WSW of Langtang Lirung);6596;21640;13;3;TRUE;FALSE;FALSE;;Opened in 2002;1;2;;1963;1;GHEN63101;May 28;UK, Nepal;Peter Taylor, Pasang Sherpa, Pasang Phutar Sherpa (I);;;
NAUL;Naulekh;;Khumbu Himal (S of Mera Peak);6340;20801;12;2;TRUE;FALSE;FALSE;;Opened in 2002;1;2;;1954;1;NAUL54101;Jun 08;New Zealand;Colin Todd, Bill Beaven;;;
CHEK;Chekigo;;Rolwaling Himal (ENE of Beding village on Tibetan border);6121;20082;19;2;FALSE;FALSE;TRUE;2002;Opened in 2002 as trekking peak;4;2;;2005;1;CHEK05101;May 15;UK, Switzerland;Bruce Normand, Oliver von Rotz;1st known ascent;;
KTUN;Khatung Khang;;Annapurna-Nilgiri Himal (SW of Thorong La);6484;21273;1;5;TRUE;FALSE;FALSE;;Opened in 2002;1;2;;1956;1;KTUN56101;Apr 12;Switzerland;Arthur Baumgartner, Marguerite Deriaz;;;
CHAG;Chago;;Makalu Himal (NW of Makalu II on Tibetan border);6893;22615;14;2;TRUE;FALSE;FALSE;;Opened in 2002;4;2;;1954;1;CHAG54101;May 29;New Zealand, Nepal;Michael Ball, Urkien Sherpa;;;
NUMR;Numri;;Khumbu Himal (S of Cho Polu, N of Baruntse);6635;21768;12;2;TRUE;FALSE;FALSE;;Opened in 2002;1;2;;2002;3;NUMR02301;Nov 07;Germany;Olaf Rieck, Carsten Schmidt, Lydia Schubert;;;
PK41;Peak 41;"""True"" Mera Peak";Khumbu Himal (ESE of Ama Dablam);6648;21811;12;2;TRUE;FALSE;FALSE;2002;Opened in 2002;1;2;;2002;3;PK4102301;Oct 16;Slovenia;Matic Jost, Urban Golob, Uros Samec;Rumored that two Americans and two Swiss (and possibly others) summited in earlier years;;
KYAZ;Kyazo Ri;Kyajo Ri;Khumbu Himal (SW of Gokyo Lake);6151;20180;12;2;FALSE;FALSE;TRUE;2002;Opened in 2002 as trekking peak;1;2;;2002;3;KYAZ02301;Oct 20;UK, France;Duncan Wilson, Vincent Marche;;;
PAND;Pandra;;Ohmi Kangri Himal (NW of Lhonak);6670;21883;6;1;TRUE;FALSE;FALSE;;Opened in 2002;1;2;;2002;3;PAND02301;Oct 16;Denmark;Allan Christensen, Bo Belvedere Christensen, Jan Mathorne;;;
DANG;Danga;;Ohmi Kangri Himal (WNW of Lhonak, E of Nupchu);6220;20407;6;1;TRUE;FALSE;FALSE;;Opened in 2002;1;2;;2002;3;DANG02301;Oct 20;Denmark;Allan Christensen, Bo Belvedere Christensen, Jan Mathorne;;;
POKR;Pokharkang;Pokhar Khang;Damodar Himal (N of Pisang Peak);6372;20906;3;5;TRUE;FALSE;FALSE;;Opened in 2002;1;2;;2002;3;POKR02301;Nov 17;UK, Nepal;Richard Scott, Dave Wynne-Jones, Kaji Sherpa;Japanese team led by Koichi Kato climbed NW Smt on Oct 31, 2002 [which they thought was the highest];;
NAG1;Nangpai Gosum I;Nagpai Gosum I, Cho Aui;Khumbu Himal (WSW of Cho Oyu on Tibetan border);7321;24019;12;2;TRUE;FALSE;FALSE;;Opened in 2002;4;2;;2017;3;NAG117301;Oct 03;Germany;Jost Kobusch;;;
KGRI;Khangri Shar;;Khumbu Himal (W of Pumori);6792;22283;12;2;TRUE;FALSE;FALSE;;Opened in 2002;1;1;;;0;;;;Unclimbed;;;
KGRW;Khangri West;;Khumbu Himal (W of Pumori);6658;21844;12;2;TRUE;FALSE;FALSE;;Opened in 2002;1;1;;;0;;;;Unclimbed;;;
PURB;Purbung Himal;Putrung;Damodar Himal (N of Chulu West);6500;21325;3;5;TRUE;FALSE;FALSE;;Opened in 2002;1;1;;;0;;;;Unclimbed;;;
TASH;Tashi Kang;Tashi Khang;Mukut Himal (N of Dhampus Peak);6386;20951;16;6;TRUE;FALSE;FALSE;;Opened in 2002;1;2;;2002;2;TASH02201;Aug 14;Japan, Nepal;Yasue Mogi, Gyalzen Sherpa;;;
TENR;Tengi Ragi Tau;Agole, Angole;Rolwaling Himal (N of Tesi Laptsa);6938;22762;19;2;TRUE;FALSE;FALSE;;Opened in 2002;1;2;;2002;4;TENR02401;Dec 04;Japan, Nepal;Koichi Ezaki, Ruchia Takahashi, Pasang Tamang, Tul Bahadur Tamang;;;
KYAS;Kyashar;Peak 43, Tangnag Tseng;Khumbu Himal (S of Kantega);6770;22211;12;2;TRUE;FALSE;FALSE;;Opened in 2002;1;2;;2003;3;KYAS03301;Oct 18;UK, Austria, Swiss;Bruce Normand, Sam Broderick, Andreas Frank;;;
NREK;Nirekha;;Khumbu Himal (NW of Lobuje Peak);6159;20207;12;2;FALSE;FALSE;TRUE;2002;Opened in 2002 as trekking peak;1;2;;;0;;;;1st ascent unknown;Climbing history unknown;;
NORB;Norbu Kang;Norbu Khang;Kanjiroba Himal (SE of Phoksumdo Tal);6085;19964;10;7;TRUE;FALSE;FALSE;;Opened in 2002;1;2;;2003;2;NORB03201;Jun 25;Japan, Nepal;Tamotsu Ohnishi, Tazuko Inoue, Koji Mizutani, Takehiro Yanigahara, Chuldim Nuru Sherpa, Kancha Dawa Sherpa;2010 German team says 2003 Japanese team did not climb main peak;;
LNKE;Lunchhung Kamo East;;Kanti Himal (SE of Danfe Sail on Tibetan border);6024;19764;11;7;FALSE;TRUE;FALSE;;;1;2;;1999;2;LNKE99201;Jul 09;Japan, Nepal;Tamotsu Ohnishi, Takehiko Yanagihara, Chuldim Nuru Sherpa, Kancha Dawa Sherpa;;;
LIK1;Linkhu Chuli Shar;Bigphera-Go Shar, Pigpferago Shar, Linkhu Chuli I;Rolwaling Himal (S of Parchamo);6719;22044;19;2;TRUE;FALSE;FALSE;;Opened in 2003;1;2;;2013;3;LIK113301;Nov 13;Germany;Ines Papert;;;
LIK2;Linkhu Chuli Nup;Bigphera-Go Nup, Pigpferago Nup, Linkhu Chuli II;Rolwaling Himal (SSW of Parchamo, W of Likhu Chuli Shar);6659;21847;19;2;TRUE;FALSE;FALSE;;Opened in 2003;1;2;;1960;3;LIK260301;Oct 21;France, Nepal;Alain Barbezat, Cecile Barbezat, Nawang Dorje Sherpa;;;
PANT;Panalotapa;Paniyo Tapa, Paniyo Tippa;Rolwaling Himal (W of Tengkangpoche);6687;21939;19;2;TRUE;FALSE;FALSE;;Opened in 2003;1;2;;1955;1;PANT55101;May;UK;Peter Boultbee, Dennis Davis;;;
SHAL;Shalbachum;Salbachum, Phrul Rangtshan Ri;Langtang Himal (E of Langtang Lirung on Tibetan border);6707;22005;13;3;TRUE;FALSE;FALSE;;Opened in 2003;4;2;;1959;3;SHAL59301;Oct 25;Japan, Nepal;Sadao Hojo, Tetsuro Terahata, Dawa Thondup Sherpa, Pasang Temba Sherpa;;;
KHUM;Khumbutse;;Khumbu Himal (NW of Lho La on Tibetan border);6639;21781;12;2;TRUE;FALSE;FALSE;;;4;1;;;0;;;;Unclimbed;1989 Polish Everest team traversed S Smt of Khumbutse (~6400m);;
BOKT;Boktoh;Bokta;Kangchenjunga Himal (SE of Jannu);6114;20059;9;1;FALSE;FALSE;TRUE;;Opened in 2002;1;2;;1991;1;BOKT91101;Apr 10;Yugoslavia;Marko Prezelj, Uros Rupar, Andrej Stremfelj;Boktoh possibly climbed in 1959 by Lionel Terray and Rene Desmaison during exploration of Jannu SW side;;
MOJC;Mojca;Mojka;Kangchenjunga Himal (W of Ramtang Chang);6024;19764;9;1;TRUE;FALSE;FALSE;;Opened in 2002;1;2;;1974;3;MOJC74301;Oct 11;Yugoslavia;Stane Belak, Danilo Cedilnik;Illegal ascent;;
PLNG;Palung;Palung Ri;North of Cho Oyu (in Tibet);7012;23005;12;2;FALSE;TRUE;FALSE;;Peak entirely within China;2;2;;1952;1;PLNG52101;May 13;New Zealand;Edmund Hillary, George Lowe;;;
TUTS;Tutse;Peak 6, Nephu;Makalu Himal (SE of Makalu);6758;22172;14;2;TRUE;FALSE;FALSE;;Opened in 2003;1;1;;;0;;;;Unclimbed?;Possibly climbed during acclimatization for Makalu by various teams;;
NUPE;Nuptse East I;;Khumbu Himal (E of Nuptse main summit);7795;25574;12;2;TRUE;FALSE;FALSE;;Requires permit for Nuptse;1;2;;2003;3;NUPE03301;Nov 02;Russia;Valeri Babanov, Yuri Kochelenko;;;
AMOT;Amotsang;Amatson;Damodar Himal (NW of Pokharhan);6393;20974;3;5;TRUE;FALSE;FALSE;;Opened in 2002;1;2;;2019;3;;Oct 24;Germany;Jost Kobusch;Possibly climbed earlier;;
YANS;Yansa Tsenji;Dragpoche, Dhagpache;Langtang Himal (SW of Shalbachum on Tibetan border);6567;21545;13;3;TRUE;FALSE;FALSE;;Opened in 2003;1;1;;;0;;;;Unclimbed;;;
HIMJ;Himjung;Nemjung Goth;Peri Himal (S of Himlung Himal);7092;23268;18;5;TRUE;FALSE;FALSE;20;Opened in 2002;1;2;;2012;3;HIMJ12301;Oct 12;S Korea;Kim Chang-Ho, An Chi-Young;;;
AMPH;Amphu I;;Khumbu Himal (E of Amphu Laptsa, W of Baruntse);6740;22113;12;2;TRUE;FALSE;FALSE;;Opened in 2002;1;2;;2013;3;AMPH13301;Oct 09;S Korea;Ahn Il-Evn, An Chi-Young, Kim Young-Mi, Oh Young-Hoon;;;
CHAB;Chabuk;Tsajirip;Ohmi Kangri Himal (E of Ohmi Kangri on Tibetan border);6792;22283;6;1;TRUE;FALSE;FALSE;;Opened in 2002;4;1;;;0;;;;Unclimbed;;;
CHAK;Chako;;Damodar Himal (ESE of Bhrikuti Shail);6704;21995;3;5;TRUE;FALSE;FALSE;;Opened in 2003;1;2;;2007;2;CHAK07201;Jul 24;Japan, Nepal;Kazhisa Kamisaka, Akio Omura, Hari Bahadur Chaulagai, Ang Phuri Lama;;;
DOMK;Dome Kang;;Jongsang Himal (ESE of Jongsong on Indian border);7264;23832;7;1;TRUE;FALSE;FALSE;;Opened in 2002;5;2;;2009;1;DOMK09101;Apr 28;Spain, Nepal;Emilio Lagunilla, Carlos Soria, Chhang Dawa Sherpa, Karma Gyalzen Sherpa, Halung Dorchi Sherpa;;;
GHAN;Ghhanyala Hies;;Janak Himal (NW of Janak Chuli on Tibetan border);6744;22126;6;1;TRUE;FALSE;FALSE;;Opened in 2002;4;1;;;0;;;;Unclimbed;;;
HUNK;Hunku;;Khumbu Himal (NNE of Peak 41);6119;20075;12;2;FALSE;TRUE;FALSE;;Opened in 2002, delisted in 2013?;1;2;;2012;3;HUNK12302;Nov 11;UK;Nick Bullock, Andy Houseman;;;
JANK;Janak Chuli;Janak, Outlier;Janak Himal (WNW of Jongsang on Tibetan border);7041;23100;6;1;TRUE;FALSE;FALSE;;Opened in 2002;4;2;;2006;1;JANK06101;May 06;Slovenia;Andrej Stremfelj, Rok Zalokar;;;
KABS;Kabru South;;Simhalila Himal (S of Kabru North on Indian border);7318;24009;9;1;TRUE;FALSE;FALSE;;Opened in 2003;5;2;;1994;1;KABS94101;May 12;India;S. P. Malik, N. Arshad, 11 members;;;
KABR;Kabru Main;Kabru Central;Simhalila Himal (S of Talung on Indian border);7412;24318;9;1;TRUE;FALSE;FALSE;;Opened in 2014;5;2;;1994;1;KABR94101;May 12;India;Dan Singh, 2 unknown members;;;
LASH;Lashar I;Loshar I;Janak Himal (NW of Lashar II on Tibetan border);6842;22448;6;1;TRUE;FALSE;FALSE;;Opened in 2002;4;2;;2005;3;LASH05301;Oct 12;Slovenia;Andrej Stremfelj, Miha Habjan;;;
LAS2;Lashar II;Loshar II;Janak Himal (SW of Ghhanyala Hies on Tibetan border);6803;22320;6;1;TRUE;FALSE;FALSE;;Opened in 2002;4;1;;;0;;;;Unclimbed;;;
NAG2;Nangpai Gosum II;Nagpai Gosum II, Chamar;Khumbu Himal (WSW of Cho Oyu on Tibetan border);7287;23907;12;2;TRUE;FALSE;FALSE;;Opened in 2002;4;1;;;0;;;;Unclimbed;;;
NANG;Nangamari I;;Ohmi Kangri Himal (W of Chaw Peak on Tibetan border);6547;21480;6;1;TRUE;FALSE;FALSE;;Opened in 2003;4;2;;2010;3;NANG10301;Nov 05;Australia;Timothy Macartney-Snape, David Barton;;;
PANB;Panbari;;Peri Himal (NW of Larkya La);6905;22654;18;5;TRUE;FALSE;FALSE;;Opened in 2002;1;2;;2006;3;PANB06301;Sep 29;Japan;Yoshimi Kato, Gakuto Komiya, Sayaka Koyama, Kenro Nakajima, Yosuke Urabe;;;
PHNH;Phungi Himal;;Manaslu Himal (W of Manaslu);6538;21450;15;4;TRUE;FALSE;FALSE;;Opened in 2003;1;2;;2017;3;PHNH17301;Oct 28;Russia;Yuri Koshelenko, Akeksei Lonchinskiy;;;
MARI;Mariyang;;Kanti Himal (SE of Kanti Himal on Tibetan border);6528;21417;11;7;TRUE;FALSE;FALSE;;Opened in 2003;4;1;;;0;;;;Unclimbed;;;
TKRG;Takargo;Dragker-go;Rolwaling Himal (E of Chobutse);6771;22215;19;2;TRUE;FALSE;FALSE;;Opened in 2003;1;2;;2010;1;TKRG10101;Mar 12;USA;David Gottlieb, Joseph Puryear;;;
THUL;Thulagi;Mansiri Himal;Manaslu Himal (SW of Manaslu);7059;23159;15;4;TRUE;FALSE;FALSE;;Opened in 2003;1;2;;2015;3;THUL15301;Sep 26;Russia;Alexander Gukov, Ivan Dozhdev, Ruslan Kirichenko, Valeri Shamalo;;;
JOMS;Jomsom Himal;Jomsang Himal;Damodar Himal (WNW of Amotsang Himal);6335;20784;3;5;TRUE;FALSE;FALSE;;Opened in 2002;1;2;;2003;3;JOMS03301;Nov 04;France, Nepal;Hugues De Varax, Yves Exbrayat, Frederique Gaume, Paulo Grobel, Mingma Temba Sherpa;;;
BAMO;Bamongo;;Rolwaling Himal (E of Chekigo on Tibetan border);6406;21017;19;2;TRUE;FALSE;FALSE;;Opened in 2002;4;2;;2013;3;BAMO13301;Oct 30;Nepal, China;Mingma Gyalje Sherpa, Yong Liu, Pema Chhiring/Chhiri Sherpa;;;
CHAW;Chaw Peak;Chaw East;Ohmi Kangri Himal (WNW of Ohmi Kangri on Tibetan border);6404;21010;6;1;TRUE;FALSE;FALSE;;Opened in 2002;4;1;;;0;;;;Unclimbed;;;
DING;Dingjung North;Kangkuru, Rima Mancho;Rolwaling Himal (S of Pangbuk Ri on Tibetan border);6249;20502;19;2;TRUE;FALSE;FALSE;;Opened in 2014;4;2;;1955;1;DING55101;May 16;UK;Peter Boultbee, Dennis Davis;This team called the peak Kangkuru;;
KNAG;Kang Nagchugo;Khang Nagchugo;Rolwaling Himal (E of Chekigo on Tibetan border);6737;22103;19;2;TRUE;FALSE;FALSE;;Opened in 2002;4;2;;2008;3;KNAG08301;Oct 17;USA;Joseph Puryear, David Gottlieb;;;
KBON;Konabon;Kambon;Dhaulagiri Himal (SE of Gurja Himal);6570;21555;4;6;TRUE;FALSE;FALSE;;Opened in 2003;1;1;;;0;;;;Unclimbed;;;
KHAM;Khamjung;Khumjung, Khamjungar;Damodar Himal (W of Saribung and Bhrikuti);6759;22175;3;5;TRUE;FALSE;FALSE;;Opened in 2002;1;2;;1982;0;;;Japan;Climbed?;Likely climbed in 1982 by Japanese;;
KYR1;Kyungka Ri 1;Kyungya Ri 1;Langtang Himal (NE of Shalbachum near Tibetan border);6599;21650;13;3;TRUE;FALSE;FALSE;;Opened in 2003;1;2;;2017;3;KYR117301;Oc 15;S Korea;Han San-Hum, Oh Chi-Wan;Ascent claimed by Italians in 1963 (Lino Andreotti) by likely on different peak;;
KYR2;Kyungka Ri 2;Kyungya Ri 2;Langtang Himal (NE of Shalbachum on Tibetan border);6506;21345;13;3;TRUE;FALSE;FALSE;;Opened in 2003;4;1;;;0;;;;Unclimbed;;;
KOJI;Kojichuwa Chuli;;Kanti Himal (NNW of Kanti Himal peak on Tibetan border);6439;21125;11;7;TRUE;FALSE;FALSE;;Opened in 2003;4;2;;2010;1;KOJI10101;May 25;Japan;Ken Fujikawa, Yuta Kawamura, Satoshi Kimoto;;;
CHIV;Chhiv Himal;Chhib Himal;Damodar Himal (SW of Saribang and WSW of Bhrikuti);6650;21818;3;5;TRUE;FALSE;FALSE;;Opened in 2002;1;2;;2004;3;CHIV04301;Sep 18;Japan;Takeshi Wada, Mitsuhiro Koseki, Yubo Shibata, Takeo Yoshinaga;;;
LMOC;Langmoche Ri;;Rolwaling Himal (N of Tesi Laptsa);6552;21496;19;2;TRUE;FALSE;FALSE;;Opened in 2002;1;2;;2012;3;LMOC12301;Nov 17;USA;Roberto Villanueva, Alan Rousseau;;;
LCHA;Lachama Chuli;Kubi Kangri, Kubi Dongdong;Changla Himal (N of Gorakh Himal on Tibetan border);6721;22051;17;7;TRUE;FALSE;FALSE;;Opened in 2003;4;2;;2007;3;LCHA07301;Sep 14;Japan;Atsushi Senda, Ryouta Fujii, Keizou Ishikawa, Hiroshi Kobayashi, Kouhei Kotani, Naoki Shimozato, Yuhki Tani;;;
PAN1;Panpoche 1;Pang Phunch 1, Kutang Himal;Manaslu Himal (NE of Sama village near Tibetan border);6620;21719;15;4;TRUE;FALSE;FALSE;;Opened in 2003;1;2;;2019;3;PAN119301;Oct 03;Georgia;Archil Badriashvi, Bakari Gelashvili, Giorgi Tepnadze;;;
PAN2;Panpoche 2;Pang Phunch 2;Manaslu Himal (NE of Sama village near Tibetan border);6504;21339;15;4;TRUE;FALSE;FALSE;;Opened in 2003;1;2;;2019;3;PAN219301;Sep 22;Georgia;Archil Badriashvi, Bakari Gelashvili, Giorgi Tepnadze;;;
PHOL;Phole;;Kangchenjunga Himal (W of Kumbhakarna and Sobitongie);6645;21801;9;1;TRUE;FALSE;FALSE;;Opened in 2002;1;1;;;0;;;;Unclimbed;;;
PHUK;Phu Kang;Phu Khang;Peri Himal (N of Cheo Himal on Tibetan border);6694;21962;18;5;TRUE;FALSE;FALSE;;Opened in 2003;4;1;;;0;;;;Unclimbed;;;
LNGK;Langchung Khang;Langpo Chung;Jongsang Himal (NW of Langpo on Indian border);6786;22264;7;1;TRUE;FALSE;FALSE;;Opened in 2002;4;1;;;0;;;;Unclimbed?;;;
PK04;Peak 4;Shershon Ri;Khumbu Himal (SE of Baruntse);6736;22100;12;2;TRUE;FALSE;FALSE;;Opened in 2003;1;1;;;0;;;;Unclimbed;;;
NAM2;Nampa II;;Api Himal (W of Nampa);6585;21604;2;7;TRUE;FALSE;FALSE;;Opened in 2002;1;1;;;0;;;;Unclimbed;;;
NAM3;Nampa III;Nampa Chuli;Api Himal (SE of Nampa);6611;21690;2;7;TRUE;FALSE;FALSE;;Opened in 2002;1;1;;;0;;;;Unclimbed;;;
NAMS;Nampa South;;Api Himal (S of Nampa, W of Nampa Chuli);6130;20112;2;7;TRUE;FALSE;FALSE;;Opened in 2002;1;1;;;0;;;;Unclimbed?;;;
SOBI;Sobithongie;;Kangchenjunga Himal (W of Kumbhakarna);6652;21824;9;1;TRUE;FALSE;FALSE;;Opened in 2002;1;1;;;0;;;;Unclimbed;;;
SHER;Shershon;Peak 3;Makalu Himal (NE of Shershon village on Tibetan border);6432;21102;14;2;TRUE;FALSE;FALSE;;Opened in 2003;4;1;;;1;;;;Unclimbed;;;
SWAK;Swaksa Kang;;Kanti Himal (SE of Kanti Himal peak on Tibetan border);6405;21014;11;7;TRUE;FALSE;FALSE;;Opened in 2003;4;1;;;0;;;;Unclimbed;;;
TILJ;Tilje;;Peri Himal (SE of Gyajikang);6530;21424;18;5;TRUE;FALSE;FALSE;;Opened in 2002;1;1;;;0;;;;Unclimbed;;;
TSAR;Tsartse;;Mukut Himal (N of Dhampus Peak);6343;20810;16;6;TRUE;FALSE;FALSE;;Opened in 2002;1;2;;2018;3;TSAR18301;Sep 25;Japan, Nepal;Kouki Ikeda, Daisuke Simozuru, Yujiro Suga, Asahi Takeshita, Dendi Sherpa, Ngima Sherpa, Pemba Sherpa, Tenjin Sherpa, Bir Kaji Tamang;;;
YAKA;Yakawa Kang;;Damodar Himal (N of Thorong La);6482;21266;3;5;TRUE;FALSE;FALSE;;Opened in 2003;1;2;;2010;3;YAKA10301;Nov 07;Japan, Nepal;Hidenobu Tsuji, Dawa Norbu Sherpa, Dawa Tshering Sherpa, Tshering Tashi Sherpa;;;
YAUP;Yaupa;;Makalu Himal (NE of Shershon village on Tibetan border);6422;21070;14;2;TRUE;FALSE;FALSE;;Opened in 2003;4;2;;1989;3;YAUP89301;Sep;UK, USA;Andy Fanshawe, Vic Saunders, Stephen Sustad;;;
TILK;Til Kang;;Nalakankar Himal (on W Nepal/Tibetan border);6369;20896;17;7;TRUE;FALSE;FALSE;;Opened in 2003;4;2;;2018;3;TILK18301;Oct 15;UK;Ed Douglas, Bruce Normand;;;
YOKO;Yokopahar;Nampa VIII;Guras Himal (NNE of Nampa towards Tibetan border);6423;21073;2;7;TRUE;FALSE;FALSE;;Opened in 2002;4;1;;;0;;;;Unclimbed;;;
SALW;Saldim West;Peak 5, Saldim Ri, Yaphu Ri;Makalu Himal (ENE of Shershon village on Tibetan border);6388;20958;14;2;TRUE;FALSE;FALSE;;Opened in 2003;4;2;;2016;3;SALW16301;Nov 01;Romania;Vlad Capusan, Zolt Torok;;;
SAMD;Samdo;;Manaslu Himal (NNE of Panpoche 1 & 2 on Tibetan border);6335;20784;15;4;TRUE;FALSE;FALSE;;Opened in 2003;4;2;;2009;3;SAMD09302;Oct 20;Japan;Yasuke Kuramoto, Yoshitaka Kameoka, Kohei Kotani, Seiya Nakasukasa, Daisuke Nakatsuka, Hiroki Yamamoto;;;
PURK;Purkhung;Purkhang, Purkung;Damodar Himal (NE of Thorong La);6126;20098;3;5;TRUE;FALSE;FALSE;;Opened in 2002;1;2;;2004;2;PURK04201;Aug 16;Japan;Yuchiro Ishihara, Satoru Endo, Hirayusu Hatsushiya, Teryuki Iwasaki, Terukai Kubo, Kazuko Takano, Hiroshi Yumoto, Ang Kami, Da Chhemba, Gelu, Lhakpa Tenzi, Pema Tenji, Wongchu Sherpas;;;
DZAS;Dzasampatse;;Khumbu Himal (S of Pasang Lhamu Chuli);6295;20653;12;2;FALSE;TRUE;FALSE;;;1;2;;2004;3;DZAS04301;Oct 18;Slovenia;Urban Azman, Tadej Golob;;;
SWEL;Swelokhan;;Manaslu Himal (N of Samdo village on Tibetan border);6180;20276;15;4;TRUE;FALSE;FALSE;;Opened in 2003;4;1;;;0;;;;Unclimbed;;;
MUPK;Mustang Peak;;Mustang Himal (S of Mustang Himal peak on Tibetan border);6229;20436;16;6;FALSE;TRUE;FALSE;;;1;2;;2001;3;MUPK01301;Oct 07;Japan, Nepal;Tomatsu Ohnishi, Koji Mizutani, Takehiko Yanagihara, Katsuhiko Asahi, Mingma Nuru Sherpa, Chuldin Nuru Sherpa, Kancha Dawa Sherpa;Not same peak as Mustang Himal (6195m) on current Ministry list.;;
JING;Jinjang;Genjang, Gajang, Jijang;Damodar Himal (E of Thorong La);6111;20049;3;5;TRUE;FALSE;FALSE;;Opened in 2002;1;2;;;0;;;;Climbed by Japanese in April 1983?;;;
JOBO;Jobo Rinjang;Jobo Ribjang;Rolwaling Himal (SW of Nangpa La near Tibetan border);6778;22238;19;2;TRUE;FALSE;FALSE;;Opened in 2002;1;2;;2009;1;JOBO09101;Apr 22;USA;Joe Puryear, David Gottlieb;;;
KYAB;Kyabura;Ghabur, Temachungi;Kangchenjunga Himal (W of Kumbhakarna, Sobitongie and Phole);6294;20650;9;1;TRUE;FALSE;FALSE;;Opened in 2002;1;1;;;0;;;;Unclimbed?;;;
KUML;Kumlung;Kang Kuru?;Damodar Himal (NE of Saribung and W of Bhrikuti);6355;20850;3;5;TRUE;FALSE;FALSE;;Opened in 2002;1;2;;2008;3;KUML08301;Oct 14;France;Paulo Grobel, Paul Vulin;;;
DGAR;Dhaulagari;Dhaulasiri;Raksha Urai Himal (E of Bobaye, S of Raksha Urai);6638;21778;2;7;TRUE;FALSE;FALSE;;Opened in 2002;1;1;;;0;;;;Unclimbed;;;
LHAY;Lhayul Peak;;Api Himal (SW of Api Main);6395;20981;2;7;TRUE;FALSE;FALSE;;Opened in 2002;1;1;;;0;;;;Unclimbed;;;
MERR;Merra;;Kangchenjunga Himal (WNW of Anidesh Chuli);6334;20781;9;1;TRUE;FALSE;FALSE;;Opened in 2002;1;2;;2006;3;MERR06301;Oct 18;Denmark;Claus Ostergaard;;;
PBUK;Pabuk Kang;Kangata;Ohmi Kangri Himal (E of Nangamari I on Tibetan border);6244;20486;6;1;TRUE;FALSE;FALSE;;Opened in 2003;4;1;;;0;;;;Unclimbed;;;
YANK;Yanme Kang;Yanme Khang;Ohmi Kangri Himal (NW of Nangamari on Tibetan border);6206;20361;6;1;TRUE;FALSE;FALSE;;Opened in 2003;4;2;;2017;3;YANK17301;Oct 29;France;Gregoire Lestienne, Floriane Pugin;May have climbed the 6244m peak northwest of the 6206m peak that Ministry calls Yanme Kang.;;
DANS;Danphe Shail;Danfe Shail;Palchung Himal (N of Kanjiroba on Tibetan border);6103;20023;11;7;TRUE;FALSE;FALSE;;Opened in 2002;4;2;;2017;3;DANS17301;Oct 05;France, Nepal;Sonia Baillif, Etienne De Fleurian, Laurence De Fleurian, Paulo Grobel, Jean Males, Etienne Principaud, Bernard Vallet, Dipen Bhote, Dhan Magar, Anil Rai;;;
GAN7;Ganesh VII;;Ganesh Himal (E of Ganesh I in Tibet);6350;20833;5;4;FALSE;TRUE;FALSE;;;2;1;;;0;;;;Unclimbed?;;;
PHAR;Pharilapcha;;Khumbu Himal (SW of Gokyo Lake);6017;19741;12;2;FALSE;FALSE;TRUE;2002;Opened in 2002;1;2;;2003;1;PHAR03101;May 19;Nepal;Dinesh Devkota, Ongchu Sherpa, Namgyal Sherpa, Lhakpa Sherpa;;;
THOR;Thorong Peak;Thorung Peak;Muktinath Himal, south of Thorong La;6144;20157;1;5;TRUE;FALSE;FALSE;;;1;2;;2007;3;THOR07301;Nov 08;Japan, Nepal;Satoru Endo, Mikio Iga, Terue Katakura, Mitsukuni Oka, Rikio Takahashi, Hiroshi Yumoto, Gadjet Bis Gurung, Ang Dawa Tamang, Hit Bahadur Tamang, Pasang Tamang;1st official ascent (likely many others previously);;
CHKA;Chamar Kang;Chharka, Kangtega;Mukut Himal (NW of Tsharka village, SE of Tingkyu village);6060;19882;16;6;FALSE;TRUE;FALSE;;;1;2;;2007;3;CHKA07301;Sep 21;Japan, Nepal;Tamotsu Ohnishi, Toshitsugi Irisawa, Koichi Kato, Chhepa Sherpa;;;
NUPK;Nupche Kang;Friendship Peak, Nupche Himal;Khumbu Himal (ESE of Nangpa La on Tibetan border);6576;21575;12;2;TRUE;FALSE;FALSE;;Opened in 2014;4;2;;1964;1;NUPK64101;Apr 06;W Germany, Nepal;Fritz Stammberger, Aila Sherpa;;;
PUCH;Punchen Himal;Puchen Himal;Shringi Himal (in Tsum Valley N of Pashuwo on Tibetan border);6049;19846;5;4;TRUE;FALSE;FALSE;;;4;1;;;0;;;;Unclimbed;;;
KAKU;Kang Kuru;;Mustang Himal (NNE of Tsartse, WSW of Ghami village);6344;20814;16;6;FALSE;TRUE;FALSE;;;1;2;;2008;1;KAKU08101;Apr 16;USA;Peter Athans, Theodore Hessler;;;
AMPM;Amphu Middle;Amphu North;Khumbu Himal (NE of Amphu Laptsa);6202;20348;12;2;FALSE;TRUE;FALSE;;Requires permit for Amphu I;1;2;;2008;1;AMPM08101;Apr 20;Germany;Olaf Rieck, Alexander Graeber;;;
LUGU;Lugula;;Damodar Himal (E of Bhrikuti Sail on Tibetan border);6899;22635;3;5;TRUE;FALSE;FALSE;;Opened in 2014;4;2;;2010;3;LUGU10301;Nov 02;France;Renald Guillaune;1st official ascent in Spring 2014 by S Koreans;;
BHRS;Bhrikuti Shail;;Damodar Himal (NE of Thorong La on Tibetan border);6361;20869;3;5;TRUE;FALSE;FALSE;;;4;2;;2005;1;BHRS05101;May 16;France, Nepal;Paulo Grobel, Denis Flaven, Bikram Singh;;;
MYAG;Myagdi Matha;;Dhaulagiri Himal (S of Dhaulagiri IV);6273;20581;4;6;FALSE;TRUE;FALSE;;;1;1;;;0;;;;Unclimbed?;;;
TOBS;Tobsar;Tabsar;Shringi Himal (ENE of Chamar);6065;19898;5;4;TRUE;FALSE;FALSE;;Opened in 2002;1;2;;2017;3;TOBS17301;Oct 01;Nepal;Narendra Shahi, Iman Gurung, Samir Gurung;;;
DINS;Dingjung Ri;Dingjung Ri South;Rolwaling Himal (S of Pangbuk Ri on Tibetan border);6196;20328;19;2;TRUE;FALSE;FALSE;;Opened in 2002;4;2;;2008;1;DINS08101;Mar 15;Japan;Kenro Nakajima, Hiroki Yamamoto;1st known ascent (may be others earlier);;
DUDH;Dudh Kundali;Dui Tal Chuli, Two Lakes Peak;Jagdula Lekh (S of Kanjiroba Himal);6045;19833;10;7;TRUE;FALSE;FALSE;;;1;2;;1953;3;DUDH53301;Nov;Austria, Nepal, India;Herbert Tichy, Ajiba Sherpa, Gyalzen Sherpa, Pasang Dawa Lama, Pemba Sherpa;Climbed again in 1999 by French group;;
KAGA;Kanta Gaton;Kangfu Gaton;Kanjiroba Himal (SE of Phoksumdo Tal);5910;19390;10;7;TRUE;FALSE;FALSE;;Opened in 2002;1;2;;2009;2;KAGA09201;Aug 16;France, Nepal;Jean-Rene Minelli, Abel Minelli, Eienne Minelli, Sarah Minelli, Pemba Jangbu Sherpa;1st official ascent;;
KAPT;Kaptang;;Kanti Himal (NW of Kanti Himal peak on Tibetan border);5965;19570;11;7;TRUE;FALSE;FALSE;;Opened in 2002;4;2;;2009;3;KAPT09201;Jun 09;Japan, Nepal;Tamotsu Ohnishi, Toshitsugi Irizawa, Gombu Sherpa;;;
ROMA;Roma;;Saipal Himal (SW of Saipal);5407;17740;20;7;TRUE;FALSE;FALSE;;Delisted in 2014;1;1;;;0;;;;Unclimbed?;;;
RIPI;Ripimo Shar;Khang Karpo, Kang Karpo;Rolwaling Himal (S of Dingjung Ri on Tibetan border);6647;21808;19;2;TRUE;FALSE;FALSE;;Opened in 2014 (as Khang Karpo);4;2;;1952;1;RIPI52101;May 29;UK;Tom Bourdillon, Ray Colledge;;;
TSIS;Tsisima;Chijima, MDM Peak;Janak Himal (WSW of Janak Chuli);6196;20328;6;1;FALSE;TRUE;FALSE;;;1;2;;1963;1;TSIS63101;Jun 03;Japan, Nepal;Motohiko Kogo, Kunga Norbu;;;
TAWA;Tawa;;Damodar Himal (NNE of Yakawa Kang);6110;20046;3;5;FALSE;TRUE;FALSE;;;1;2;;2010;3;TAWA10301;Oct 21;Japan, Nepal;Mikio Iga, Kazuya Fujikura, Chhongba Sherpa, Lhakpa Sherpa;;;
URMA;Urkema;Baden Powell Scout Peak, Urgyenma;Langtang Himal (W of Ganja La);5890;19324;13;3;TRUE;FALSE;FALSE;;;1;2;;2007;3;URMA07301;Sep 12;Taiwan, S Korea, Singapore, Australia, Nepal;15 international scout students and 6 Sherpas;;;
MPNW;Manapathi NW;;Dhaulagiri Himal (SSW of Dhaulagiri I, NW of Manapathi);6384;20945;4;6;FALSE;TRUE;FALSE;;;1;2;;1977;1;MPNW77101;Apr 20;Italy, UK, W Germany;Reinhold Messner, Leo Dickinson, Eric Jones, Otto Wiedemann;;;
LUNR;Lunag Ri;Lunag I, Rongshar Ri I, Ondrej Peak;Rolwaling Himal (SW of Nangpa La on Tibetan border);6895;22621;19;2;FALSE;TRUE;FALSE;;Requires permit for Jobo Rinjang;4;1;;;0;;;;;;;
JASG;Jasemba Goth;Dzasampa Kang;Khumbu Himal (NW of Pasang Lhamu Chuli);6730;22080;12;2;TRUE;FALSE;FALSE;;Opened in 2014;1;2;;1964;1;JASG64101;Apr 08;W Germany;Georg Huber, Fritz Stammberger;;;
GOJN;Gojung;Mugu Chuli;Kanti Himal (WNW of Kanti Himal peak on Tibetan border);6310;20702;11;7;FALSE;TRUE;FALSE;;;4;2;;2011;3;GOJN11301;Oct 19;UK;Mick Fowler, Dave Turnbull;;;
NAN2;Nangamari II;;Ohmi Kangri Himal (S of Nangamari I);6209;20371;6;1;TRUE;FALSE;FALSE;;;1;2;;2016;3;NAN216301;Oct 17;Japan;Tsuneo Shigehiro, Kensuke Iwai, Kiyo Kuroda, Shiro Matsunaka, Yusuke Morimoto, Kanji Totegi, Miyoko Nagase, Masayuki Takenaka, Saori Tatsuno;;;
DRAG;Dragmorpa Ri;Thakmarpo Ri, Panaya Tippa;Langtang Himal (SW of Tilman's Col on Tibetan border);6185;20292;13;3;TRUE;FALSE;FALSE;;;4;2;;2013;1;DRAG13101;May 30;Russia;Roman Gretzky;Did Gretzky climb Dagmorpa Ri or Paniyo Tippa in Khumbu?;;
SYKG;Syaokang;;Ohmi Kangri Himal (SW of Ohmi Kangri near Tibetan border);5929;19452;6;1;TRUE;FALSE;FALSE;;;1;2;;2012;3;SYKG12301;Oct 25;New Zealand;John Cocks, Martin Hunter, Geoffrey Lamarche, Paul Maxim, Nick Schearer;;;
BIJO;Bijora Hiunchuli;;Jagdula Lekh (S of Kande Huinchuli);6111;20049;10;7;TRUE;FALSE;FALSE;;Opened in 2014;1;1;;;0;;;;Unclimbed;;;
CHUB;Chhuboche;;Damodar Himal (NNE of Pisang Peak);5606;18392;3;5;TRUE;FALSE;FALSE;;;1;2;;2013;3;CHUB13301;Nov 16;UK;Brian Jackson, Hugh Wrightson, Pasang Sherpa, Tendi Wangya;;;
LUNW;Lunag West;;Rolwaling Himal (W of Lunag I on Tibetan border);6492;21299;19;2;FALSE;TRUE;FALSE;;Requires permit for Jobo Rinjang;4;2;;2013;3;LUNW13301;Oct 22;USA;Scott Adamson, Chris Wright;;;
DOMO;Domo;Jongsang SE Peak;Jongsang Himal (SE of Jongsong on Indian border);7447;24432;7;1;FALSE;TRUE;FALSE;;;5;2;;1930;1;DOMO30101;Jun 08;Germany, Nepal;Guenter Dyhrenfurth, Lewa Sherpa;;;
LUN2;Lunag II;;Rolwaling Himal (SW of Nangpa La near Tibetan border);6812;22349;19;2;FALSE;TRUE;FALSE;;Requires permit for Jobo Rinjang;1;2;;2010;3;LUN210301;Oct 26;France;Mathieu Detrie, Max Belleville, Mathiew Maynadier, Sebastien Ratel;;;
TRIA;Triangle Peak;;Jugal Himal (NNW of Dome Blanc on Tibetan border);6484;21273;8;3;FALSE;TRUE;FALSE;;;4;2;;2013;3;TRIA13301;Oct 09;France;Sebastien Moatti, Max Bonniot;Climbed from Tibetan side;;
KASI;Kasi Dalpha;;Jagdula Lekh (S of Kande Huinchuli);6386;20951;10;7;TRUE;FALSE;FALSE;;Opened in 2014;1;1;;;0;;;;Unclimbed;;;
NPHU;Narphu;;Damodar Himal (WNW of Pisang Peak, E of Chulu East Peak);5921;19426;3;5;TRUE;FALSE;FALSE;;;1;2;;2014;3;NPHU14301;Nov 22;UK, Nepal;Brian Jackson, Heather Bentley, Catherine Husted, Dawn Richardson, James Salt, Rhiannon Thomson, Mingma Dorje Sherpa, Pasang Sherpa Shikhar Pandey;1st official ascent;;
POTA;Pota Himal North;Peak Hawley;Dhaulagiri Himal (NE of Putha Hiunchuli);6182;20282;4;6;TRUE;FALSE;FALSE;;Opened in 2014;1;2;;2008;1;POTA08101;May 09;France;Francois Damilano;;;
PANN;Pangbuk North;Jobo LeCoultre;Rolwaling Himal (NE of Pangbuk Ri on Tibetan border);6478;21253;19;2;FALSE;TRUE;FALSE;;;4;2;;2013;3;PANN13301;Nov 01;USA;Scott Adamson, Christopher Wright;;;
MUST;Mustang Himal;;Mustang Himal (S of Mansail on Tibetan border);6195;20325;16;6;TRUE;FALSE;FALSE;;Opened in 2014;1;2;;2014;3;MUST14301;Nov 02;USA;Melissa Arnot, Ben Jones, Jon Mancuso;;;
MNSL;Mansail;Manshail;Mustang Himal (NW of Lo Manthang on Tibetan border);6235;20456;16;6;TRUE;FALSE;FALSE;;Opened in 2014;1;2;;2014;3;MNSL14301;Sep 29;Japan;Yukiko Inoue, Eri Hasegawa, Mariko Nakamura, Kei Taniguchi;;;
CPHU;Chhochenphu Himal;;Ohmi Kangri Himal (SW of Pabuk Kang near Tibetan border);6260;20538;6;1;TRUE;FALSE;FALSE;;Opened in 2014;1;1;;;0;;;;Unclimbed;;;
TANK;Tankya I;;Kanti Himal (NE of Mariyang on Tibetan border);6305;20686;11;7;TRUE;FALSE;FALSE;;Opened in 2014;4;1;;;0;;;;Unclimbed;;;
GORK;Gorakh Khang;;Gorakh Khang (ENE of Simikot on Tibetan border);6254;20518;17;7;TRUE;FALSE;FALSE;;Opened in 2014;4;1;;;0;;;;Unclimbed;;;
RAUN;Raungsiyar;;Rolwaling Himal (N of Pimu);6224;20420;19;2;TRUE;FALSE;FALSE;;Opened in 2014;1;2;;2015;3;RAUN15301;Oct 04;Nepal;Dawa Gyalje Sherpa, Nima Tenji Sherpa, Tashi Sherpa;;;
LDAK;Langdak;;Rolwaling Himal (N of Raungsiyar and Pimu);6220;20407;19;2;TRUE;FALSE;FALSE;;Opened in 2014;1;2;;2015;3;LDAK15301;Oct 05;Nepal;Dawa Gyalje Sherpa, Nima Tenji Sherpa, Tashi Sherpa;;;
TKRE;Takargo East;Thakar Go East, Dragker-go East;Rolwaling Himal (ESE of Takargo);6152;20184;19;2;TRUE;FALSE;FALSE;;Opened in 2014;1;2;;2015;3;TKRE15301;Oct 06;Nepal;Dawa Gyalje Sherpa, Nima Tenji Sherpa, Tashi Sherpa;;;
OMIT;Omitso Go;Omi Tso Go;Rolwaling Himal (NE of Kang Nachugo on Tibetan border);6332;20774;19;2;TRUE;FALSE;FALSE;;Opened in 2014;4;1;;;0;;;;Unclimbed;;;
CBAM;Chhopa Bamare;Chomo Pamari;Rolwaling Himal (NW of Lamabagar on Tibetan border);6109;20043;19;2;TRUE;FALSE;FALSE;;Opened in 2014;4;2;;2019;4;CBAM18401;Feb 28;USA, France;John Kelley, Benjamin Billet;;;
YALW;Yalung Kang West;;Kangchenjunga Himal (W summit of Yalung Kang);8077;26499;9;1;TRUE;FALSE;FALSE;;Opened in 2014;1;1;;;0;;;;Unclimbed;;;
KANN;Kangchenjunga North;;Kangchenjunga Himal (small knob north of Main summit);7938;26043;9;1;TRUE;FALSE;FALSE;;Opened in 2014;5;1;;;0;;;;Unclimbed?;Possibly traversed on KANG ascents from north;;
KBNE;Kangbachen East;Kambachen East;Kangchenjunga Himal (plateau SE of Kangbachen?);7780;25525;9;1;TRUE;FALSE;FALSE;;Opened in 2014;1;1;;;0;;;;Unclimbed;;;
HERZ;Herzog Peak;Khangsar Khang West;Annapurna Himal (WSW of Roc Noir);7555;24787;1;5;TRUE;FALSE;FALSE;;Opened in 2014;1;2;;;0;;;;Climbed?;Likely climbed on traverses to ANNE;;
GANW;Gangapurna West;Lachenal Peak, Asapurna;Annapurna Himal (W of Gangapurna);7140;23425;1;5;TRUE;FALSE;FALSE;;Opened in 2014;1;1;;;0;;;;Unclimbed?;;;
CHMR;Chamar;Shringi Himal;Shringi Himal (SSE of Chamar);7161;23494;5;4;TRUE;FALSE;FALSE;;;1;1;;;0;;;;Unclimbed?;;;
NGAP;Nepal Gap Peak;Nepal Gyap Peak;Kangchenjunga Himal (ENE of Gimmegela on Indian border);7007;22989;9;1;TRUE;FALSE;FALSE;;Opened in 2014;5;1;;;0;;;;Unclimbed?;;;
GAUS;Gaurishankar South;Gauri;Rolwaling Himal (S of Gaurishankar);7010;22999;19;2;TRUE;FALSE;FALSE;;Opened in 2014;1;2;;1979;3;GAUS79301;Nov 09;UK;Peter Boardman, Pemba Lama, Timothy Leach, Guy Neithardt;;;
BURK;Burke Kang;Burke Khang;Khumbu Himal (ENE of Hungchhi on Tibetan border);6942;22776;12;2;TRUE;FALSE;FALSE;;Opened in 2014;4;2;;2017;3;BURK17301;Oct 05;Ireland, Nepal;Noel Hanna, Samden Bhote, Nanda Dorje Sherpa, Pemba Tshering (Maila) Sherpa;;;
HMLE;Himlung East;;Peri Himal (E of Himlung Himal on Tibetan border);6932;22743;18;5;TRUE;FALSE;FALSE;;Opened in 2014;4;2;;2017;1;HMLE17101;May 08;France, Nepal;Paulo Grobel, Isabelle Guillaume, Rajan Lama Bhote, Jangbu Sherpa;;;
YNGS;Yangra Kangri South;Yangra South, Ganesh I South;Ganesh Himal (NW of Ganesh III on Tibetan border);6863;22516;5;4;TRUE;FALSE;FALSE;;Opened in 2014;4;1;;;0;;;;Unclimbed?;;;
NUPL;Nup La Kang;Nupla Khang;Khumbu Himal (N of Nup La on Tibetan border);6861;22510;12;2;TRUE;FALSE;FALSE;;Opened in 2014;4;2;;2018;3;NUPL18301;Nov 02;USA, Norway;;;;
CHUM;Chumbu;;Khumbu Himal (WSW of Khangri Shar near Tibetan border);6859;22503;12;2;TRUE;FALSE;FALSE;;Opened in 2014;1;1;;;0;;;;Unclimbed;;;
PHUG;Phu Kang Go;Phu Khang Go, Athahra Saya Khola Himal;Peri Himal (SE of Cheo on Tibetan border);6767;22201;18;5;TRUE;FALSE;FALSE;;Opened in 2014;4;2;;2011;3;PHUG11301;Oct 27;France, Belgium;Paulo Grobel, Benoit Van Lerberghe;;;
GURA;Guras;;Guras Himal (NE of Nampa on Tibetan border);6744;22126;2;7;TRUE;FALSE;FALSE;;Opened in 2014;4;1;;;0;;;;Unclimbed;;;
THRK;Tharke Kang;Tharke Khang;Khumbu Himal (S of Nup La on Tibetan border);6710;22014;12;2;TRUE;FALSE;FALSE;;Opened in 2014;4;2;;2017;3;THRK17301;Nov 03;USA, Nepal;Garrett Madison, Kristin Bennett, Lisa Thompson, Ang Phurba Sherpa, Lhakpa Dendi Sherpa, Pasang Dawa Sherpa, Tashi Sherpa;;;
HUGO;Hulang Go;;Peri Himal (WNW of Ratna Chuli on Tibetan border);6687;21939;18;5;TRUE;FALSE;FALSE;;Opened in 2014;5;1;;;0;;;;Unclimbed;;;
SHNW;Shershon Northwest;;Makalu Himal (NW of Shershon on Tibetan border);6682;21923;14;2;TRUE;FALSE;FALSE;;Opened in 2014;4;2;;1980;3;SHNW80301;Oct 15;UK, France;Doug Scott, Roger Baxter-Jones, Georges Bettembourg;;;
AGLE;Agole East;Angole East;Rolwaling Himal (E of Tengi Ragi Tau);6675;21900;19;2;TRUE;FALSE;FALSE;;Opened in 2014;1;1;;;0;;;;Unclimbed;;;
ROLK;Rolwaling Kang;Rolwaling Khang;Rolwaling Himal (NNE of Tarkago);6664;21864;19;2;TRUE;FALSE;FALSE;;Opened in 2014;1;2;;2016;3;ROLK16301;Oct 19;Japan;Yasuhiro Hanatani, Yuichiro Iida, Maho Ishio, Yohei Kayama, Keisuke Tsunoda, Takuya Yoshikawa;;;
YARW;Yarwa;;Guras Himal (NW of Nampa on Tibetan border);6644;21798;2;7;TRUE;FALSE;FALSE;;Opened in 2014;1;1;;;0;;;;Unclimbed;;;
YANG;Yangri;Jugal;Jugal Himal (N of Phurbi Chhyachu on Tibetan border);6535;21440;8;3;TRUE;FALSE;FALSE;;Opened in 2014;4;1;;;0;;;;Unclimbed?;Possibly climbed by Carla Maverna and Irene Affentranger in October 1976 (see AAJ 50:518 (1976));;
LCHN;Lachama North;;Changla Himal (N of Lachama Chuli on Tibetan border);6628;21745;17;7;TRUE;FALSE;FALSE;;Opened in 2014;4;1;;;0;;;;Unclimbed;;;
CHNG;Changdi;;Palchung Himal (SE of Kanti Himal peak on Tibetan border);6623;21729;11;7;TRUE;FALSE;FALSE;;Opened in 2014;4;1;;;0;;;;Unclimbed;;;
GOLD;Goldum Peak;Pangri Goldumba;Jugal Himal (on Tibetan border);6632;21759;8;3;TRUE;FALSE;FALSE;;Opened in 2014;4;1;;;0;;;;Unclimbed;;;
THOC;Thoche Go;;Peri Himal (SE of Cheo Himal on Tibetan border);6602;21660;18;5;TRUE;FALSE;FALSE;;Opened in 2014;4;1;;;0;;;;Unclimbed;;;
KCHS;Kangchung Shar;Khangchung, Kangcho Shar, UIAA Peak;Khumbu Himal (NE of Gokyo Lake);6063;19892;12;2;TRUE;FALSE;FALSE;;Opened in 2014;1;2;;1984;3;KCHS84301;Nov 01;Yugoslavia;Francek Knez;"Ascents reported by Jan Kielkowski: on 1 Nov 1984 by Francek Knez; on 21 Nov 1984 by Trevor Pilling";;
PHUN;Phu Kang North;Phu Khang North;Peri Himal (N of Cheo Himal on Tibetan border);6580;21588;18;5;TRUE;FALSE;FALSE;;Opened in 2014;4;1;;;0;;;;Unclimbed;;;
PTHE;Pethangtse East;;Khumbu Himal (ESE of Pethangtse on Tibetan border);6572;21562;12;2;TRUE;FALSE;FALSE;;Opened in 2014;4;2;;2008;1;PTHE08101;May 16;UK;Andrew Hughes, Alistair Barnard, Nichcolas Beighton, Chris Fawcett, Daniel Greig-Smith, Benjamin Sherwood;Climbed by British Services Makalu Expedition led by Andrew Hughes;;
PHNG;Phungi;;Peri Himal (SE of Ratna Chuli on Tibetan border);6524;21404;18;5;TRUE;FALSE;FALSE;;Opened in 2014;4;1;;;0;;;;Unclimbed;;;
KNTE;Kanti Himal East;;Kanti Himal (ENE of Kanti Himal on Tibetan border);6516;21378;11;7;TRUE;FALSE;FALSE;;Opened in 2014;4;1;;;0;;;;Unclimbed;;;
JARK;Jarkya;;Manaslu Himal (N of Larkya La on Tibetan border);6473;21237;15;4;TRUE;FALSE;FALSE;;Opened in 2014;4;1;;;0;;;;Unclimbed;;;
MARW;Mariyang West;;Kanti Himal (WSW of Mariyang on Tibetan border);6455;21178;11;7;TRUE;FALSE;FALSE;;Opened in 2014;4;1;;;0;;;;Unclimbed;;;
MAYT;Mayonthang Kang;Mayun Thang Khang;Kanti Himal (NW of Changdi Himal on Tibetan border);6449;21158;11;7;TRUE;FALSE;FALSE;;Opened in 2014;4;1;;;0;;;;Unclimbed;;;
LNJU;Langju;Lajo Dada;Shringi Himal (S of Tobsar);6426;21083;5;4;TRUE;FALSE;FALSE;;Opened in 2014;1;2;;2017;3;LNJU17301;Oct 17;Japan;Norifumi Fukuda, Kojuro Hagihara, Yudai Suzuki;;;
JYAC;Jyachhung;;Byas Risi Himal (NNW of Nampa on Tibetan border);6338;20794;2;7;TRUE;FALSE;FALSE;;Opened in 2014;4;1;;;0;;;;Unclimbed;;;
GYLA;Gyala;;Manaslu Himal (NNE of Larkya La on Tibetan border);6363;20876;15;4;TRUE;FALSE;FALSE;;Opened in 2014;4;1;;;0;;;;Unclimbed;;;
DOLM;Dolma Khang;Tseringma;Rolwaling Himal (SE of Gaurishankar on Tibetan border);6332;20774;19;2;TRUE;FALSE;FALSE;;Opened in 2014;4;2;;1980;1;DOLM80101;Apr 11;Australia, Nepal;Graham Brammer, Paul Richards, Shambu Tamang;;;
KAIP;Kaipuchonam;;Kanti Himal (WNW of Changdi on Tibetan border);6329;20764;11;7;TRUE;FALSE;FALSE;;Opened in 2014;4;1;;;0;;;;Unclimbed;;;
LDNG;Langdung;Ripumutse;Rolwaling Himal (WSW of Ripimo Shar on Tibetan border);6326;20755;19;2;TRUE;FALSE;FALSE;;Opened in 2014;4;2;;2017;4;LDNG17401;Dec 20;Nepal;Nima Tenji Sherpa, Dawa Gyalje Sherpa, Dawa Yangzum Sherpa, Pasang Kitar Sherpa;;;
DZA2;Dzanye II;;Janak Himal (S of Danzye Peak);6318;20728;6;1;TRUE;FALSE;FALSE;;Opened in 2014;4;2;;2015;3;DZA215301;Oct 04;Japan;Takanori Mashimo, Kotaro Myatsu, Kenta Kimura, Shinnosuke Ashikari, Shun Katsurai, Takehiro Nozawa;;;
PAMA;Pama Himal;;Shringi Himal (N of Chamar on Tibetan border);6300;20669;5;4;TRUE;FALSE;FALSE;;Opened in 2014;4;1;;;0;;;;Unclimbed;;;
PERH;Peri Himal;;Peri Himal (SE of Cheo Himal on Tibetan border);6296;20656;18;5;TRUE;FALSE;FALSE;;Opened in 2014;4;1;;;0;;;;Unclimbed;;;
TAKL;Takla Kang;Takla Khang;Kanti Himal (SSE of Kanti Himal peak on Tibetan border);6276;20591;11;7;TRUE;FALSE;FALSE;;Opened in 2014;4;1;;;0;;;;Unclimbed;;;
KOGI;Kogi Khang North;Kogi Kang North;Kanti Himal (ESE of Kanti Himal peak on Tibetan border);6275;20587;11;7;TRUE;FALSE;FALSE;;Opened in 2014;4;1;;;0;;;;Unclimbed;;;
ASAJ;Asajya Tuppa;;Gorakh Himal (ENE of Simikot on Tibetan border);6265;20554;17;7;TRUE;FALSE;FALSE;;Opened in 2014;4;1;;;0;;;;Unclimbed;;;
KOJS;Kojichuwa South;;Kanti Himal (SW of Kojichuwa Chuli on Tibetan border);6264;20551;11;7;TRUE;FALSE;FALSE;;Opened in 2014;4;1;;;0;;;;Unclimbed;;;
PKAR;Pankar Himal;;Manaslu Himal (ENE of Samagaon on Tibetan border);6264;20551;15;4;TRUE;FALSE;FALSE;;Opened in 2014;4;2;;2018;1;PKAR18101;May 08;Japan;Yasuhiro Hanatani, Reo Chikara, Ryosuke Matsuyama, Daijo Saito, Tatsuro Sugimoto, Airi Watanabe;;;
SAUL;Saula;;Manaslu Himal (ENE of Samagaon on Tibetan border);6235;20456;15;4;TRUE;FALSE;FALSE;;Opened in 2014;4;1;;;0;;;;Unclimbed;;;
YARA;Yala Chuli;Yara Chuli;Palchung Himal (SE of Changdi on Tibetan border);6236;20459;11;7;TRUE;FALSE;FALSE;;Opened in 2014;4;1;;;0;;;;Unclimbed;;;
RHIM;Rhimbu;;Shringi Himal (S of Tobsar);6210;20374;5;4;TRUE;FALSE;FALSE;;Opened in 2014;1;1;;;0;;;;Unclimbed;;;
SANC;Sanctuary Peak;;Kanjiroba Himal (N of Kanjiroba North);6207;20364;10;7;TRUE;FALSE;FALSE;;Opened in 2014;1;1;;;0;;;;Unclimbed;;;
LASA;Lasa;;Byas Risi Himal (NNW of Nampa on Tibetan border);6189;20305;2;7;TRUE;FALSE;FALSE;;Opened in 2014;4;1;;;0;;;;Unclimbed;;;
PERI;Peri;;Langtang Himal (SE of Langtang Ri on Tibetan border);6174;20256;13;3;TRUE;FALSE;FALSE;;Opened in 2014;4;2;;2016;3;PERI16301;Dec 06;Italy, Nepal;Werner Frei, Pasang Sherpa, Sandesh Sherpa;;;
DWIJ;Dwijen Himal;;Shringi Himal (NE of Ghap village on Tibetan border);6169;20240;5;4;TRUE;FALSE;FALSE;;Opened in 2014;4;1;;;0;;;;Unclimbed;;;
JABR;Jabou Ri;;Rolwaling Himal (S of Tarkago);6166;20230;19;2;TRUE;FALSE;FALSE;;Opened in 2014;1;2;;2015;3;JABR15301;Sep 15;USA;Ryan Waters, Eric Larsen;;;
BEDG;Beding Go;Bedding Go;Rolwaling Himal (N of Beding village on Tibetan border);6125;20095;19;2;TRUE;FALSE;FALSE;;Opened in 2014;4;2;;2015;3;BEDG15301;Oct 21;Nepal, Canada, Brazil, Ireland;Mingma Tshering/Tsiri Sherpa, Dean Carriere, Dino De Almeida Camargo, Cian O'Brolchain, Nima Gyalzen Sherpa, Pasang Tenzing Sherpa, Tshering Pemba Sherpa;;;
TAKN;Takphu North;;Nalakankar Himal (on W Nepal/Tibetan border);6142;20151;17;7;TRUE;FALSE;FALSE;;Opened in 2014;4;2;;2016;3;TAKN16301;Oct 12;Germany, Nepal;Herbert Bader, Karl Henge, Tassilo Hock, Josef Knitz, Annabelle Rochelt, Alois Sinz, Bhai Krishna Khadka;;;
BHUL;Bhulu Lhasa;;Kanjiroba Himal (NNW of Kanjiroba North);6102;20020;10;7;TRUE;FALSE;FALSE;;Opened in 2014;1;2;;1964;3;BHUL64301;Oct 31;UK, Nepal;John Tyson, John Cole, Robert Kendall, Mingma Sherpa;;;
LNAK;Lhonak;Rifil Peak;Janak Himal (WNW of Drohmo);6070;19915;6;1;TRUE;FALSE;FALSE;;Opened in 2014;1;1;;;0;;;;Unclimbed;;;
ROLM;Rolmi;;Shringi Himal (S of Tobsar);6056;19869;5;4;TRUE;FALSE;FALSE;;Opened in 2014;1;2;;2017;3;ROLM17301;Oct 01;Nepal;Narendra Shahi, Iman Gurung, Samir Gurung;;;
ACHN;Aichyn;Aychin, Ashvin;Chandi Himal (SW of Changwathang);6055;19865;17;7;TRUE;FALSE;FALSE;;Opened in 2014;1;2;;2015;3;ACHN15301;Sep 03;Japan;Hiroki Senda, et al;;;
ARDN;Ardang;Chyoro Ri;Phupharka Himal (NW of Simikot);6034;19797;17;7;TRUE;FALSE;FALSE;;Opened in 2014;1;2;;2019;3;ARDN19301;Nov 13;Canada;Bryce Brown, Sunny Twelker;;;
LUNG;Lungchhung;;Palchung Himal (NE of Kanjiroba on Tibetan border);6043;19826;11;7;TRUE;FALSE;FALSE;;Opened in 2014;4;1;;;0;;;;Unclimbed;;;
KHNG;Khung;;Palchung Himal (NE of Kanjiroba on Tibetan border);6024;19764;11;7;TRUE;FALSE;FALSE;;Opened in 2014;4;1;;;0;;;;Unclimbed;;;
CHND;Chandi Himal;;Chandi Himal (NE of Simikot on Tibetan border);6142;20151;17;7;TRUE;FALSE;FALSE;;Opened in 2002;4;1;;;0;;;;Unclimbed;Climbed illegally by Sean Burch in October 2016?;;
KALI;Kali Himal;Chota Ri, Baruntse North;Khumbu Himal (NW of Baruntse);6985;22917;12;2;TRUE;FALSE;FALSE;;Opened in 2002;1;2;;1983;1;KALI83101;Apr 05;Netherlands;Joost Ubblink, Edwin Van Nieuwkerk;;;
DHEC;Dhechyan Khang;;Damodar Himal (ESE of Gaugiri on Tibetan border);6019;19747;3;5;TRUE;FALSE;FALSE;;Opened in 2014;4;2;;2018;1;DHEC18101;May 05;Austria, Germany, Nepal;Wolfgang Drexler, Martin Thallmair, Lawang Tamang, Yokachi Tamang;;;
EKRA;Ek Rate Danda;;Khumbu Himal (in Hongku Valley, S of Chamlang);6213;20384;12;2;TRUE;FALSE;FALSE;;Opened in 2002;1;1;;;0;;;;Unclimbed;;;
GHYN;Ghyun Himal I;;Mustang Himal (N of Ghyun Khola on Tibetan border);6110;20046;16;6;TRUE;FALSE;FALSE;;Opened in 2014;4;1;;;0;;;;Unclimbed;;;
GORH;Gorakh Himal;;Gorakh Himal (NE of Simikot on Tibetan border);6198;20335;17;7;TRUE;FALSE;FALSE;;Opened in 2002;4;1;;;0;;;;Unclimbed;;;
HONK;Hongku;Hongku Chuli Nup, Honku, Sura Peak;Khumbu Himal (in Hongku Valley, W of Hongku Chuli);6764;22192;12;2;TRUE;FALSE;FALSE;;Opened in 2003;1;2;;2015;3;HONK15301;Oct 09;France;Alberto Inurrategi Iriarte, Juan Vallejo Llanos, Miguel Zabalza Azkona;Likely first climbed in the 1980s;;
KARK;Karko;;Saipal Himal (WNW of Saipal);6015;19734;20;7;TRUE;FALSE;FALSE;;Opened in 2002;1;1;;;0;;;;Unclimbed?;;;
KARS;Karsang Kang;Kharsang;Damodar Himal (NE of Saribung);6225;20423;3;5;TRUE;FALSE;FALSE;;Opened in 2014;1;2;;2008;3;KARS08301;Oct 11;France;Paulo Grobel, Mary Cler;;;
KHAY;Khayang;;Manaslu Himal (E of Samdo Peak on Tibetan border);6186;20295;15;4;TRUE;FALSE;FALSE;;Opened in 2003;4;1;;;0;;;;Unclimbed?;;;
GYLZ;Gyalzen Peak;Gyaltsen Peak;Jugal Himal (SE of Leonpo Gang on Tibetan border);6151;20180;8;3;TRUE;FALSE;FALSE;;;4;2;;2019;1;GYLZ19101;Apr 09;Nepal;Maya Gurung, Min Bahadur Tamang, Sharmila Thapa, Tul Singh Gurung, Nar Bahadur Astani, Ash Bahadur Gurung, Samir Gurung;Climbed by Japanese in 1961 (then called Gumasi Peak)?;;
LSAM;Lungsampa;Lung Sampa, Lumsumna;Khumbu Himal (S of Nangpai Gosum II);6500;21325;12;2;TRUE;FALSE;FALSE;;Opened in 2002;1;2;;2014;0;;;Spain;Jordi Corominas, Jordi Tosas;Tosas and Corominas unconfirmed ascent in 2014 via SSW Ridge;;
MERS;Mera South;;Khumbu Himal (SW of Mera);6064;19895;12;2;TRUE;FALSE;FALSE;;Opened in 2002;1;1;;;0;;;;Unclimbed?;;;
PASH;Pashuwo;Pashubo;Ganesh Himal (N of Lampo on Tibetan border);6177;20266;5;4;TRUE;FALSE;FALSE;;Opened in 2003;4;1;;;0;;;;Unclimbed;;;
SATO;Sat Peak;Sato Peak;Ohmi Kangri Himal (N of Sharphu range);6164;20223;6;1;TRUE;FALSE;FALSE;;Opened in 2002;1;1;;;0;;;;Unclimbed?;Possibly climbed by Japanese in 1960s as Nupchu;;
TSKP;Tso Karpo;;Kanjiroba Himal (E of Kanjiroba, W of Tso Karpo Kang);6518;21385;10;7;TRUE;FALSE;FALSE;;Opened in 2002;1;1;;;0;;;;Unclimbed;;;
SPH2;Sharphu II;Tanga II;Ohmi Kangri Himal (WNW of Kangchenjunga);6328;20761;6;1;TRUE;FALSE;FALSE;;Opened in 2002;1;2;;201;3;SPH218301;Oct 26;USA;Aivaras Sajus, Spencer Gray;;;
SPH3;Sharphu III;Marson;Ohmi Kangri Himal (WNW of Kangchenjunga);6220;20407;6;1;TRUE;FALSE;FALSE;;Opened in 2002;1;1;;;0;;;;Unclimbed?;;;
SPH4;Sharphu IV;Nupchu;Ohmi Kangri Himal (WNW of Kangchenjunga);6172;20249;6;1;TRUE;FALSE;FALSE;;Opened in 2002;1;2;;1962;1;SPH462101;May 20;Japan;Takayuki Tsubaki, Chotare Sherpa;;;
SPH5;Sharphu V;Tanga III;Ohmi Kangri Himal (WNW of Kangchenjunga);6158;20203;6;1;TRUE;FALSE;FALSE;;Opened in 2002;1;1;;;0;;;;Unclimbed?;;;
SPH6;Sharphu VI;;Ohmi Kangri Himal (WNW of Kangchenjunga);6076;19934;6;1;TRUE;FALSE;FALSE;;Opened in 2002;1;1;;;0;;;;Unclimbed?;;;
MNSS;Mansail South;Manshail South;Mustang Himal (S of Mansail on Tibetan border);6248;20499;16;6;TRUE;FALSE;FALSE;;Opened in 2014;1;1;;;0;;;;Unclimbed;;;
GDNG;Gave Ding;;Changla Himal (N of Lachama Chuli on Tibetan border);6581;21591;17;7;FALSE;TRUE;FALSE;;Requires permit for Lachama Chuli;4;2;;2015;3;GDNG15301;Oct 22;UK;Michael Fowler, Paul Ramsden;;;
NGO3;Ngojumba Kang III;Hillary Peak;Khumbu Himal (NE of Cho Oyu on Tibetan border);7681;25200;12;2;TRUE;FALSE;FALSE;;Opened in 2014 as Hillary Peak;4;1;;;0;;;;Unclimbed;;;
KIMS;Kimshung;Kinshung, Tsangbu Ri;Langtang Himal (NE of Langtang Lirung);6781;22247;13;3;FALSE;TRUE;FALSE;;;1;1;;;0;;;;;;;
PAWR;Pawar Central;Chaar Baatsa;Pawar Himal (N of Larkya La);6621;21722;18;5;FALSE;TRUE;FALSE;;;1;2;;2015;1;PAWR15101;May 09;France;Paulo Grobel, Frank Bonhomme, Christian Hurgon, Dhan Bahadur Magar, Dipen  Nuppa Bhote, Jangbu Sherpa, Rajan Lama Bhote;;;
NGOR;Nagoru;;Peri Himal (NW of Himlung Himal);6165;20226;18;5;FALSE;TRUE;FALSE;;;1;2;;2016;3;NGOR16301;Oct 21;Austria, Nepal;Wolfgang Drexler, Lawang Tamang;;;
SALD;Saldim;Peak 5;Makalu Himal (ENE of Shershon village on Tibetan border);6374;20912;14;2;TRUE;FALSE;FALSE;;Opened in 2003;4;1;;;0;;;;Unclimbed;;;
LANY;Langtang Yubra;Yubra Himal;Langtang Himal (ENE of Langtang Lirung);6048;19843;13;3;FALSE;FALSE;TRUE;;Opened in 2016;1;1;;2018;3;LANY18301;Oct 21;Australia, Netherands, Nepal;Karen De Lathouder, Elizabeth Finden, Edith Jankowski, Chris Jones, Warren Townsden, Lhakpa Nuru Sherpa, Mingma Sherpa, Nawang Sherpa, Phurba Sherpa, Sona Sherpa;It is unclear from leader's photo whether the team climbed Langtang Yubra or a ridge between Langtang Yubra and Yubra (6264m);;
LARK;Larkya Peak;Granite Peak, Naike Peak;Manaslu Himal (N of Manaslu North);6416;21050;15;4;FALSE;FALSE;TRUE;;;1;2;;2017;3;LARK17301;Sep 27;Georgia;Archil Badriashvili, Giorgi Tepnadze, Bakar Gelashvili;;;
NUPW;Nuptse West II;Nuptse Nup II;Khumbu Himal (NW of Nuptse main summit);7732;25367;12;2;TRUE;FALSE;FALSE;;Requires permit for Nuptse;1;2;;;0;;;;;;;
TENE;Tengi Ragi Tau East;;Rolwaling Himal (N of Tesi Laptsa);6675;21900;19;2;FALSE;TRUE;FALSE;;;1;2;;2005;3;TENE05301;Nov 20;France;Maxime Belleville, Julien Herry;;;
NILE;Nilgiri East;;Annapurna-Nilgiri Himal (NNW of Annapurna I);6698;21975;1;5;FALSE;TRUE;FALSE;;;1;2;;1970;3;;Nov;Spain;Jorge Matas, Manuel Martin;Illegal Ascent;;
PEMR;Pemthang Ri;;Jugal Himal (N of Pemthang Karpo Ri on Tibetan border);6743;22123;8;3;FALSE;TRUE;FALSE;;;4;1;;;0;;;;;;;
FUTI;Futi Himal;;Damodar Himal (W of Bhrikuti);6425;21079;3;5;FALSE;TRUE;TRUE;;;1;2;;2014;1;FUTI14101;May 16;Portugal;Pedro Guedes Viera, Sandra Lima Dos Reis, Oldemiro Lima Fortunato, Frederico Mohilla Salomao;;;
SANB;Sano Bhrikuti;;Damodar Himal (ENE of Bhrikuti);6328;20761;3;2;FALSE;TRUE;FALSE;;;1;2;;2017;1;BHRS17101;;Switzerland;Erwin Jacomet, et al.;Made ski descent;;
SANK;Sano Kailash;;;6452;21168;3;5;FALSE;TRUE;FALSE;;;1;2;;2019;1;SANK19101;Apr 28;Austria, Nepal;Wolfgang Drexler, Lawang Tamang;;;
TARS;Tarke Kang Shar;Tare Kang;Annapurna Himal (E of Glacier Dome);7069;23192;1;5;FALSE;TRUE;FALSE;;;1;2;;1981;3;TARS81301;Oct 10;Italy, Nepal;Claudio Schranz, Marco Roncaglioni, Gianfranco Tagliaferri, Gombu Sherpa;Team thought they climbing Glacier Dome, but summited 7069m peak east of Glacier Dome;;
KORL;Korlang Pari Tippa;Korlang Pari Tippa North;N of Lamabagar on Tibetan border;5738;18825;19;2;TRUE;FALSE;FALSE;;Opened in 2014;1;1;;;0;;;;;;;
JANE;Jannu East;Khumbhakarna East;Kangchenjunga Himal (W of Kangchenjunga);7460;24475;9;1;TRUE;FALSE;FALSE;;Requires Jannu permit;1;1;;;0;;;;;;;
YUBR;Yubra;;Langtang Himal (ENE of Langtang Lirung);6264;20551;13;3;FALSE;TRUE;FALSE;;;1;1;;;0;;;;;;;
